make,fuel_type,body_style,engine_size,horsepower,curb_weight,price
BMW,Gasoline,SUV,310,100,3225,37383
Ford,Diesel,SUV,291,60,2343,44963
Toyota,Diesel,SUV,143,240,3876,18662
BMW,Diesel,Hatchback,128,234,3546,18739
BMW,Diesel,Hatchback,158,176,2858,6789
Ford,Gasoline,Hatchback,170,189,3423,24420
Toyota,Diesel,SUV,191,122,3241,28761
Toyota,Gasoline,Hatchback,364,51,2444,45366
BMW,Gasoline,Sedan,319,57,3788,42606
Honda,Gasoline,Sedan,314,299,2221,43640
BMW,Gasoline,Hatchback,376,188,3406,49135
BMW,Gasoline,Sedan,163,173,3904,42067
BMW,Diesel,Sedan,391,102,2591,22357
BMW,Diesel,SUV,344,277,3030,44851
Ford,Diesel,Hatchback,161,59,3295,43262
Toyota,Diesel,Hatchback,269,262,3762,16317
Ford,Gasoline,SUV,368,261,3017,26534
Ford,Diesel,Sedan,366,161,2015,30734
Ford,Gasoline,Sedan,153,57,3447,40897
BMW,Diesel,Hatchback,115,85,2523,37872
Honda,Gasoline,Sedan,107,270,2802,45201
Toyota,Gasoline,SUV,203,155,3776,12689
Honda,Diesel,SUV,158,253,2020,8567
Ford,Gasoline,Hatchback,139,63,3713,25732
Ford,Gasoline,SUV,336,289,3962,25774
Honda,Diesel,SUV,193,231,2227,28195
Honda,Gasoline,Hatchback,321,291,3007,42412
Honda,Diesel,SUV,303,262,3808,49098
Ford,Diesel,SUV,237,135,3311,27257
Ford,Diesel,SUV,399,198,2808,9394
Toyota,Gasoline,Sedan,306,285,3157,41302
Toyota,Gasoline,Hatchback,180,99,3306,27228
Ford,Gasoline,Hatchback,317,271,2403,17388
Honda,Diesel,Hatchback,101,216,3688,16319
Honda,Gasoline,Sedan,277,69,3089,11475
Toyota,Diesel,Sedan,378,265,3672,36555
Ford,Diesel,Hatchback,245,136,3627,23158
Toyota,Gasoline,Sedan,323,184,2436,19728
Toyota,Diesel,Hatchback,161,186,2828,49774
BMW,Gasoline,Sedan,393,178,2933,34545
BMW,Gasoline,SUV,338,203,2258,36100
BMW,Gasoline,SUV,294,215,3989,21150
Honda,Gasoline,Hatchback,265,87,2102,38214
Ford,Gasoline,Sedan,321,295,2992,37876
Ford,Diesel,Sedan,160,238,3590,8239
Ford,Diesel,SUV,228,93,2768,43699
Ford,Diesel,SUV,272,135,3124,41821
BMW,Gasoline,Sedan,255,93,3221,35615
Honda,Gasoline,Sedan,209,123,2812,18746
Honda,Gasoline,Sedan,368,168,2225,25921
BMW,Diesel,Sedan,377,239,2942,27745
Honda,Gasoline,Sedan,173,171,2462,6245
BMW,Diesel,Sedan,306,183,2236,29853
Ford,Diesel,Hatchback,378,194,3049,32632
BMW,Gasoline,Sedan,303,100,3144,17856
Ford,Gasoline,SUV,260,291,3933,10105
Ford,Diesel,Hatchback,127,87,2505,40690
Toyota,Gasoline,Sedan,356,201,3205,7513
BMW,Diesel,SUV,264,100,3734,7801
Toyota,Gasoline,Hatchback,162,59,2813,37345
BMW,Gasoline,SUV,121,169,2766,18895
BMW,Diesel,Sedan,169,249,2633,44749
Toyota,Gasoline,Sedan,195,198,3566,13221
Toyota,Diesel,Sedan,262,297,3338,11038
BMW,Gasoline,Sedan,178,119,2990,37031
Honda,Diesel,Hatchback,104,134,3820,20082
Ford,Diesel,Hatchback,219,106,2617,19648
Toyota,Gasoline,SUV,277,175,3759,5364
Ford,Diesel,Sedan,275,88,2272,39568
Honda,Gasoline,SUV,316,265,3933,19110
Honda,Gasoline,Hatchback,155,82,2231,10958
Honda,Gasoline,Sedan,286,236,3443,14096
Toyota,Diesel,Sedan,331,67,2767,12436
Honda,Diesel,Hatchback,354,233,3465,26177
Toyota,Gasoline,Hatchback,203,269,2495,31754
Honda,Gasoline,Hatchback,176,106,3047,29544
Ford,Diesel,Hatchback,329,293,3132,17638
Ford,Gasoline,Hatchback,357,145,3726,5179
BMW,Gasoline,Sedan,363,253,2501,8873
Ford,Diesel,Hatchback,281,97,3882,22570
BMW,Gasoline,Sedan,355,91,2024,22157
Ford,Diesel,Sedan,137,76,3210,9460
Toyota,Gasoline,Hatchback,275,123,2287,5352
Ford,Diesel,Hatchback,126,159,3651,26586
BMW,Gasoline,Sedan,375,298,2337,10344
BMW,Gasoline,Hatchback,239,229,3901,9507
Honda,Diesel,Hatchback,398,219,3937,42598
Toyota,Gasoline,Hatchback,386,81,3060,48988
Ford,Diesel,SUV,190,283,3817,37885
Honda,Gasoline,Sedan,160,75,2136,21865
Ford,Diesel,SUV,262,74,2507,42055
Ford,Diesel,Hatchback,242,124,2226,32213
Honda,Diesel,SUV,352,72,2319,9477
Honda,Diesel,Hatchback,368,275,3863,11533
Honda,Gasoline,SUV,390,106,2915,28396
Honda,Gasoline,Hatchback,286,229,3205,17755
Honda,Diesel,SUV,390,281,3897,5865
Ford,Diesel,SUV,185,175,2085,16173
Honda,Diesel,SUV,265,136,3490,43097
Toyota,Gasoline,Sedan,213,270,2925,38371
BMW,Gasoline,SUV,282,80,2052,43524
Honda,Gasoline,Sedan,306,113,2859,16254
Honda,Gasoline,Hatchback,355,248,2866,9018
Ford,Diesel,SUV,334,281,3258,10192
Honda,Diesel,Hatchback,102,82,3982,7015
Honda,Diesel,Hatchback,307,262,3802,47618
Honda,Gasoline,SUV,296,51,3822,8380
Ford,Gasoline,Sedan,224,67,2432,33343
Honda,Gasoline,SUV,237,224,3519,8770
BMW,Diesel,Hatchback,124,210,2998,10829
Ford,Diesel,Hatchback,167,278,2099,39381
BMW,Gasoline,SUV,160,275,2989,20545
Ford,Diesel,Sedan,128,133,2598,23263
Honda,Gasoline,Sedan,118,84,2402,43140
BMW,Gasoline,Hatchback,270,228,2395,48306
Ford,Diesel,Hatchback,173,163,3550,30675
Toyota,Gasoline,Sedan,160,295,2414,30362
Honda,Diesel,SUV,252,195,2938,5148
Ford,Gasoline,Hatchback,375,159,3636,6754
Toyota,Diesel,Sedan,147,137,2676,31745
Ford,Diesel,Hatchback,310,121,2462,12378
Toyota,Diesel,SUV,238,174,2540,25140
Honda,Gasoline,Sedan,209,79,3649,14371
BMW,Gasoline,Hatchback,282,221,3642,31999
Toyota,Diesel,SUV,127,102,3945,17779
Ford,Diesel,Hatchback,296,187,3387,36075
Honda,Gasoline,SUV,290,136,3153,35697
Toyota,Gasoline,SUV,150,229,2083,14795
Ford,Gasoline,Sedan,248,226,2270,43460
Ford,Diesel,SUV,367,188,2243,9218
Ford,Gasoline,Hatchback,149,243,2387,42571
Toyota,Gasoline,SUV,345,235,2213,16672
Toyota,Diesel,SUV,212,267,2817,36042
Toyota,Gasoline,Sedan,269,213,3189,40950
BMW,Gasoline,SUV,265,210,3814,16009
Toyota,Gasoline,SUV,113,224,2058,24544
Toyota,Diesel,Hatchback,302,62,3625,34381
Toyota,Diesel,Sedan,387,89,2882,30287
BMW,Diesel,Sedan,288,138,2842,7586
Toyota,Diesel,Sedan,254,117,2923,7648
Ford,Diesel,SUV,154,91,3527,45081
Toyota,Diesel,Sedan,281,196,3729,23101
Ford,Diesel,SUV,309,259,2122,26692
Ford,Gasoline,SUV,174,278,3671,12407
Ford,Gasoline,Hatchback,376,143,3436,22254
BMW,Diesel,Hatchback,232,68,3162,20234
BMW,Gasoline,Hatchback,158,235,3252,27211
BMW,Gasoline,Hatchback,281,72,3297,34480
Toyota,Diesel,Hatchback,163,103,2438,29846
Ford,Gasoline,SUV,359,257,3021,47503
BMW,Gasoline,SUV,292,114,2561,20321
BMW,Gasoline,Sedan,242,189,3933,17646
Toyota,Gasoline,SUV,203,73,2117,27117
BMW,Gasoline,SUV,313,83,3737,9893
Toyota,Diesel,Hatchback,341,102,2904,14476
Honda,Diesel,SUV,308,298,3506,22270
BMW,Diesel,Hatchback,192,185,2394,26702
Honda,Gasoline,Sedan,241,67,3726,9382
Toyota,Diesel,Sedan,211,106,2875,6785
Ford,Gasoline,SUV,158,161,3483,16735
BMW,Gasoline,Sedan,142,54,3858,35177
Toyota,Gasoline,SUV,306,203,3716,35712
Ford,Gasoline,Sedan,367,207,2934,21679
Ford,Diesel,Hatchback,395,231,3101,48013
Honda,Diesel,Hatchback,217,62,2951,40365
Toyota,Gasoline,Hatchback,119,132,3435,22064
Ford,Diesel,Hatchback,321,78,2074,35563
BMW,Gasoline,SUV,265,52,2294,38092
BMW,Diesel,Sedan,230,139,3816,31867
Honda,Diesel,SUV,255,153,2020,38754
Ford,Gasoline,Hatchback,283,172,3929,24502
Toyota,Diesel,SUV,189,235,3194,5760
BMW,Gasoline,Sedan,193,299,3038,29142
Ford,Diesel,SUV,112,125,3234,49653
Ford,Gasoline,Sedan,392,179,2559,46996
Honda,Gasoline,SUV,329,252,3109,22290
BMW,Diesel,Sedan,391,157,3172,10499
BMW,Diesel,Sedan,125,205,3723,5364
Toyota,Gasoline,Hatchback,174,131,2371,24797
BMW,Diesel,Sedan,398,126,3503,45795
Toyota,Diesel,Hatchback,249,278,2817,37535
BMW,Gasoline,Hatchback,247,263,3174,21105
Honda,Gasoline,Hatchback,107,253,3164,12939
BMW,Diesel,SUV,128,51,3092,18936
Toyota,Gasoline,SUV,395,176,3283,47029
Toyota,Gasoline,SUV,308,278,2845,20863
Honda,Gasoline,SUV,227,184,3991,17561
BMW,Diesel,Sedan,215,75,2520,15447
BMW,Diesel,Sedan,243,267,3656,35624
Honda,Gasoline,SUV,334,137,2370,49646
BMW,Diesel,Sedan,106,253,3442,17411
BMW,Gasoline,Sedan,144,65,2100,24465
Toyota,Diesel,Hatchback,338,200,2660,43216
BMW,Gasoline,Hatchback,254,217,3977,24642
BMW,Gasoline,Hatchback,280,237,3681,36262
Honda,Diesel,Hatchback,314,122,3888,35363
Honda,Gasoline,Sedan,187,81,2967,7107
Ford,Diesel,SUV,355,64,2242,12928
Toyota,Diesel,Sedan,172,278,2752,24317
BMW,Gasoline,Sedan,278,190,2511,30017
BMW,Gasoline,Sedan,311,54,2848,18528
Ford,Diesel,Hatchback,392,252,2554,18313
BMW,Gasoline,Hatchback,333,123,3118,6559
Toyota,Gasoline,Hatchback,338,101,2225,20167
Ford,Gasoline,SUV,322,126,3541,20343
Toyota,Gasoline,Sedan,218,218,2213,43598
Ford,Gasoline,SUV,363,230,2717,12523
Ford,Diesel,Hatchback,306,159,2066,33439
Honda,Diesel,SUV,194,227,2395,20524
Toyota,Gasoline,Sedan,321,192,2611,18285
BMW,Gasoline,Sedan,375,155,3035,15973
BMW,Gasoline,Hatchback,330,297,3260,27694
Toyota,Diesel,Hatchback,218,176,3857,40774
BMW,Gasoline,SUV,367,56,2769,9302
BMW,Diesel,Hatchback,372,89,3422,27391
Toyota,Diesel,Hatchback,163,205,2406,9611
Ford,Diesel,Sedan,397,209,2924,14372
Toyota,Gasoline,Hatchback,110,148,3872,29312
Ford,Diesel,Hatchback,197,192,3503,19080
BMW,Gasoline,Sedan,170,289,2646,20082
BMW,Diesel,Sedan,157,277,2221,47861
BMW,Gasoline,SUV,389,134,3179,35677
Honda,Diesel,Hatchback,350,247,2653,25874
Ford,Gasoline,Sedan,375,114,2427,13378
Honda,Diesel,SUV,149,181,3181,6597
Honda,Gasoline,SUV,315,60,2976,16600
Toyota,Gasoline,Hatchback,151,157,3439,8747
Honda,Gasoline,Hatchback,370,75,3005,18879
Toyota,Gasoline,SUV,183,238,3349,18017
Toyota,Diesel,Sedan,392,214,2370,29815
Honda,Diesel,SUV,225,200,3367,23964
Ford,Gasoline,Hatchback,395,270,3285,33812
Ford,Diesel,Sedan,171,134,3306,45200
Ford,Gasoline,Sedan,395,289,2849,29714
Ford,Gasoline,SUV,335,286,2855,23890
Ford,Diesel,Hatchback,155,286,2228,9725
Honda,Gasoline,SUV,209,290,3911,48205
Honda,Gasoline,SUV,291,268,2279,25684
BMW,Diesel,SUV,192,280,3893,31325
Ford,Gasoline,Sedan,155,217,3313,37542
Honda,Gasoline,Sedan,159,254,3703,18092
BMW,Gasoline,Hatchback,237,200,3070,35382
Ford,Gasoline,Hatchback,138,172,2974,44770
Toyota,Diesel,SUV,127,193,3738,30457
BMW,Diesel,SUV,148,271,3237,11131
Honda,Diesel,SUV,224,238,2757,30215
Toyota,Gasoline,Hatchback,112,117,3047,17612
Toyota,Gasoline,Sedan,135,153,2320,42305
Toyota,Diesel,Sedan,200,129,2273,18091
BMW,Gasoline,SUV,381,208,2555,40103
Honda,Gasoline,SUV,185,102,2843,42089
Toyota,Gasoline,SUV,103,155,3336,34759
Ford,Gasoline,SUV,322,202,3386,5559
Toyota,Diesel,Hatchback,265,93,2667,5713
Toyota,Diesel,Sedan,377,189,2999,42361
BMW,Diesel,SUV,229,139,2379,20184
BMW,Gasoline,Hatchback,130,150,2710,20261
Honda,Diesel,SUV,110,289,3942,25372
Ford,Diesel,SUV,195,146,3697,37140
BMW,Gasoline,Sedan,289,269,3930,38024
Toyota,Gasoline,SUV,291,58,3493,37544
Honda,Diesel,Sedan,365,61,2745,5037
Toyota,Diesel,Sedan,227,118,2674,48032
Toyota,Diesel,Sedan,337,231,2115,17697
BMW,Diesel,Hatchback,211,293,2604,46420
Honda,Gasoline,Hatchback,244,231,3065,36707
Ford,Diesel,Sedan,164,77,3819,31016
Ford,Diesel,SUV,346,105,2378,39600
BMW,Gasoline,Sedan,322,148,3745,28984
BMW,Diesel,SUV,205,246,3229,10167
Honda,Gasoline,Sedan,280,275,2465,5432
Ford,Gasoline,SUV,283,159,3755,9151
Ford,Gasoline,Hatchback,325,275,2279,11411
Ford,Diesel,SUV,364,126,3671,35788
Toyota,Diesel,Sedan,377,152,2617,31623
Ford,Gasoline,Hatchback,188,155,2117,27104
Toyota,Diesel,SUV,275,158,3260,5256
Honda,Diesel,SUV,117,161,2308,38439
Toyota,Gasoline,SUV,205,107,3479,38257
Honda,Gasoline,SUV,370,127,3923,44657
Ford,Diesel,SUV,266,124,3498,49674
Ford,Gasoline,Hatchback,112,91,2099,23066
Honda,Diesel,Hatchback,131,215,2260,37746
BMW,Diesel,Hatchback,139,117,2992,7460
Honda,Diesel,Hatchback,247,230,3328,42297
BMW,Diesel,Sedan,317,82,3377,39743
Toyota,Gasoline,Hatchback,318,120,2285,8216
Toyota,Gasoline,SUV,181,105,2327,19267
Toyota,Gasoline,SUV,307,154,3126,14581
Ford,Gasoline,Hatchback,300,249,2062,9515
Toyota,Diesel,SUV,137,150,2686,27076
BMW,Diesel,Hatchback,310,100,3305,49816
Toyota,Gasoline,SUV,348,123,3464,14776
Honda,Diesel,Sedan,326,220,3316,26947
Honda,Diesel,Sedan,147,170,2737,7963
Ford,Diesel,Hatchback,117,192,3030,11786
Honda,Gasoline,Hatchback,394,215,2638,18866
BMW,Gasoline,Hatchback,295,192,2935,43968
Toyota,Gasoline,SUV,286,54,3115,37305
Ford,Diesel,Hatchback,323,270,3958,22360
Toyota,Gasoline,Sedan,328,132,3213,45113
Toyota,Gasoline,SUV,176,231,3894,37813
BMW,Gasoline,Hatchback,287,100,2475,6193
Honda,Gasoline,SUV,369,59,3534,9512
Honda,Gasoline,SUV,194,189,3485,27666
Toyota,Gasoline,Hatchback,231,295,2052,21630
Ford,Diesel,SUV,138,53,2753,13983
Honda,Diesel,Sedan,171,144,2485,5636
Ford,Gasoline,Sedan,380,195,3667,8775
Honda,Gasoline,SUV,259,129,3513,7421
Ford,Diesel,Hatchback,286,281,3387,18025
BMW,Diesel,SUV,290,85,3135,14280
Ford,Gasoline,Sedan,219,74,2408,41951
BMW,Gasoline,SUV,319,264,3030,16351
BMW,Gasoline,SUV,152,253,3765,43091
Ford,Gasoline,Sedan,321,147,2667,35171
BMW,Diesel,SUV,230,213,3220,8644
Toyota,Gasoline,SUV,336,150,2834,21142
BMW,Gasoline,Hatchback,345,244,2875,12773
Honda,Gasoline,Hatchback,325,58,3758,33466
Ford,Gasoline,Sedan,307,110,2366,15778
Toyota,Diesel,Sedan,195,102,3001,17501
Ford,Diesel,Sedan,299,195,2249,7108
Honda,Diesel,Hatchback,346,220,3939,34369
Honda,Gasoline,Sedan,171,212,3618,41382
Honda,Gasoline,Sedan,284,112,3263,30818
BMW,Diesel,Sedan,105,170,2379,15251
BMW,Gasoline,Hatchback,305,296,3930,28341
Ford,Gasoline,SUV,131,275,2871,16678
Ford,Diesel,Sedan,198,154,2834,19367
Toyota,Diesel,SUV,355,255,3494,34672
Toyota,Diesel,Sedan,286,53,2774,9332
Ford,Diesel,SUV,175,142,2918,17002
BMW,Gasoline,Hatchback,276,218,3724,25284
Honda,Gasoline,Hatchback,386,222,2454,20700
Ford,Diesel,Sedan,354,227,2365,18769
Toyota,Gasoline,SUV,289,256,3313,34318
BMW,Diesel,Hatchback,226,77,3897,29323
Ford,Diesel,Sedan,386,219,2402,32610
Ford,Gasoline,Sedan,353,129,2057,11963
BMW,Diesel,Hatchback,312,125,2520,12838
Ford,Gasoline,Hatchback,349,165,3327,17243
BMW,Gasoline,Sedan,183,118,3138,32939
Honda,Gasoline,SUV,112,147,2209,6845
BMW,Gasoline,SUV,144,283,3064,21766
BMW,Diesel,SUV,226,50,2815,41880
BMW,Gasoline,Sedan,213,216,2172,17780
Ford,Diesel,Hatchback,375,145,2233,47856
Ford,Diesel,Sedan,304,267,2792,6509
BMW,Diesel,Hatchback,372,66,3907,28957
Ford,Diesel,SUV,157,161,3613,39346
Toyota,Gasoline,SUV,318,140,3643,22263
Toyota,Gasoline,Hatchback,208,137,2792,31148
Ford,Diesel,Hatchback,378,212,3426,36533
Ford,Diesel,Sedan,273,223,3062,47608
BMW,Gasoline,SUV,363,219,2118,17931
Honda,Diesel,Sedan,210,295,2334,6359
Ford,Gasoline,Sedan,286,216,3359,29532
Toyota,Diesel,Sedan,368,139,3562,25344
BMW,Gasoline,SUV,328,98,3639,9242
Ford,Diesel,Sedan,255,239,3097,25601
Toyota,Diesel,Sedan,288,87,3214,24116
Toyota,Gasoline,Sedan,371,200,2323,40477
Honda,Diesel,Sedan,101,199,3010,35782
BMW,Diesel,Sedan,345,181,3170,23880
BMW,Gasoline,Sedan,309,226,3790,8499
Honda,Diesel,SUV,385,108,2283,36587
Honda,Gasoline,Sedan,112,250,2212,49458
BMW,Gasoline,Hatchback,195,117,3658,31020
BMW,Diesel,Sedan,320,248,3741,13080
Ford,Diesel,Sedan,337,264,2928,28207
Ford,Diesel,SUV,193,179,2751,38957
Honda,Diesel,SUV,368,98,3417,18908
Ford,Diesel,Hatchback,270,265,2338,35652
Toyota,Diesel,Hatchback,193,281,3821,35344
Ford,Diesel,SUV,248,296,3045,30034
Ford,Gasoline,SUV,211,175,3794,30788
Toyota,Diesel,Sedan,154,272,3892,17751
Honda,Gasoline,SUV,215,288,2104,38793
Toyota,Diesel,Hatchback,242,208,3489,37839
Ford,Diesel,Sedan,300,160,3482,43314
Honda,Gasoline,Hatchback,279,217,3455,40453
Ford,Diesel,Sedan,301,97,2769,14385
Toyota,Diesel,SUV,152,100,2715,23232
Toyota,Gasoline,Hatchback,279,92,3845,48344
Ford,Diesel,Sedan,236,147,3797,39790
BMW,Diesel,Sedan,281,232,3642,20831
BMW,Diesel,SUV,100,265,2762,25125
Toyota,Gasoline,SUV,143,226,3959,22682
Toyota,Diesel,SUV,326,173,3244,41870
BMW,Diesel,Hatchback,197,267,2378,22288
BMW,Diesel,Sedan,307,129,3245,40794
Ford,Diesel,SUV,364,234,3281,44477
Ford,Gasoline,Hatchback,387,160,2712,29405
BMW,Gasoline,Hatchback,370,254,3390,43737
Ford,Diesel,Hatchback,239,192,3793,7620
Ford,Diesel,SUV,336,76,3372,40414
Honda,Gasoline,SUV,171,245,2224,42633
Ford,Gasoline,Sedan,254,257,3737,40057
Toyota,Diesel,Sedan,289,241,2737,45138
Ford,Gasoline,SUV,367,271,2235,18854
Ford,Diesel,Hatchback,206,285,2182,14677
BMW,Gasoline,Hatchback,331,207,2711,49111
Toyota,Gasoline,Hatchback,141,213,3892,29074
Ford,Gasoline,Sedan,289,244,3781,22824
Ford,Gasoline,Hatchback,238,263,2443,5765
Honda,Diesel,Sedan,202,162,3888,36615
Ford,Gasoline,Sedan,270,135,2622,41860
Ford,Gasoline,Hatchback,372,163,3029,17975
Honda,Diesel,Hatchback,320,298,3259,14341
BMW,Gasoline,SUV,312,291,3150,33141
Ford,Gasoline,SUV,155,296,3127,17334
Honda,Diesel,Hatchback,201,173,2748,20835
Toyota,Gasoline,Sedan,291,98,3938,31548
BMW,Diesel,Sedan,299,125,3503,40434
Toyota,Diesel,Sedan,332,104,2154,30039
Toyota,Diesel,Sedan,326,262,2256,37530
Honda,Diesel,Sedan,238,105,2234,43736
Ford,Gasoline,SUV,248,245,2499,45409
Honda,Diesel,Hatchback,214,144,2288,23565
Honda,Gasoline,SUV,162,93,2509,14834
Honda,Gasoline,Sedan,203,208,3575,41656
Honda,Gasoline,Sedan,255,235,3823,5840
BMW,Gasoline,Sedan,372,136,2708,18873
Ford,Gasoline,Sedan,105,295,2784,36568
Toyota,Gasoline,Hatchback,246,230,2893,15846
Toyota,Gasoline,Sedan,283,133,2775,10899
Ford,Gasoline,Hatchback,127,256,3592,25502
Toyota,Gasoline,Sedan,137,200,2297,5565
Ford,Gasoline,Hatchback,218,205,3633,43773
Toyota,Diesel,SUV,392,65,2136,46924
Honda,Diesel,Sedan,343,214,2375,48242
Toyota,Diesel,Hatchback,167,198,2086,14187
Ford,Gasoline,SUV,313,256,3442,12226
Ford,Diesel,Sedan,317,194,3777,47147
Ford,Diesel,Sedan,276,291,3222,43658
Ford,Diesel,Sedan,398,86,3486,9311
Ford,Gasoline,Hatchback,263,126,2436,49214
BMW,Gasoline,Hatchback,157,196,3333,46616
BMW,Gasoline,SUV,368,207,3619,30689
Toyota,Gasoline,Hatchback,157,94,3777,11083
Ford,Diesel,Hatchback,387,195,3304,17598
Toyota,Diesel,Sedan,204,255,3346,21940
Ford,Diesel,Sedan,327,111,2763,31880
Ford,Diesel,Sedan,346,213,2701,7580
BMW,Gasoline,Sedan,287,149,3974,47321
BMW,Gasoline,Sedan,182,261,2941,14386
Honda,Gasoline,Sedan,285,101,2151,24522
BMW,Diesel,Sedan,351,68,3325,31224
Honda,Gasoline,SUV,337,158,3301,19635
Honda,Gasoline,SUV,283,93,3674,5671
Honda,Diesel,SUV,383,56,3711,38545
Honda,Diesel,SUV,309,298,3031,31855
Honda,Gasoline,Sedan,395,221,2806,40790
Toyota,Gasoline,SUV,196,166,2234,19260
BMW,Gasoline,Sedan,307,117,2674,6074
Honda,Gasoline,SUV,236,83,2560,47676
Ford,Gasoline,Hatchback,283,243,3325,14475
BMW,Gasoline,SUV,175,118,2037,17878
BMW,Diesel,SUV,386,104,3159,20120
Honda,Diesel,Sedan,241,59,2821,28147
Toyota,Diesel,SUV,336,273,2420,6986
Honda,Gasoline,Hatchback,124,91,3242,48593
Toyota,Diesel,Sedan,389,90,2347,37430
Ford,Gasoline,Sedan,166,254,3831,46961
BMW,Gasoline,SUV,349,280,3569,22430
Ford,Diesel,Sedan,217,246,3887,7176
Toyota,Gasoline,Sedan,172,171,3102,23722
Toyota,Gasoline,Sedan,381,187,2747,47815
Ford,Diesel,Sedan,109,59,3918,23617
Toyota,Diesel,Sedan,310,151,2272,32115
Ford,Diesel,Sedan,251,268,3184,42376
BMW,Gasoline,Hatchback,104,237,3710,16906
Ford,Diesel,SUV,294,177,3901,45002
BMW,Diesel,Hatchback,382,228,2307,11610
Ford,Gasoline,Sedan,212,198,3397,48292
Toyota,Diesel,Sedan,370,185,2975,18411
Ford,Diesel,SUV,262,242,2732,14180
Toyota,Diesel,Hatchback,204,141,3032,15073
Ford,Gasoline,SUV,280,162,3824,42251
Ford,Gasoline,Hatchback,143,280,2443,35960
Honda,Gasoline,Sedan,381,127,3136,10901
Toyota,Gasoline,SUV,274,134,3228,43897
Honda,Diesel,SUV,261,79,2404,48183
Toyota,Gasoline,Sedan,239,262,3721,9482
Honda,Gasoline,SUV,231,98,2852,47454
BMW,Diesel,Hatchback,186,58,3220,30428
Ford,Diesel,Hatchback,275,194,2777,12400
Toyota,Diesel,Hatchback,282,118,3797,44574
Toyota,Gasoline,Hatchback,228,107,3783,48284
Ford,Gasoline,Sedan,345,234,2114,12396
Toyota,Gasoline,SUV,188,111,3144,12338
Toyota,Diesel,Hatchback,165,272,3676,47718
Honda,Diesel,Sedan,257,101,2064,17500
Toyota,Gasoline,SUV,248,238,3299,16545
BMW,Diesel,SUV,215,89,2824,10241
BMW,Diesel,Sedan,313,215,2238,28778
Ford,Diesel,Sedan,393,220,2301,27821
Toyota,Gasoline,Hatchback,352,112,3415,9695
Ford,Diesel,SUV,242,196,3545,16530
BMW,Diesel,SUV,349,277,2968,19318
Toyota,Gasoline,Sedan,124,99,2368,27331
Toyota,Gasoline,SUV,376,210,2232,31355
Ford,Diesel,Hatchback,169,190,2194,16324
BMW,Diesel,SUV,212,127,2906,33149
Toyota,Gasoline,Sedan,211,297,3035,8218
Ford,Gasoline,Sedan,190,146,3929,25141
BMW,Diesel,Hatchback,117,239,2920,41784
Ford,Diesel,Hatchback,248,270,2688,7837
Honda,Diesel,SUV,326,92,2176,44802
Toyota,Diesel,SUV,313,226,2216,45077
Honda,Gasoline,Sedan,250,85,3034,19379
BMW,Diesel,Hatchback,291,171,3469,9239
Honda,Diesel,Hatchback,139,157,2629,49896
Honda,Gasoline,Hatchback,341,59,2163,25812
BMW,Diesel,SUV,237,144,3574,34669
Ford,Gasoline,Hatchback,279,55,2052,14611
Honda,Diesel,Sedan,299,106,2217,9150
Ford,Diesel,Sedan,302,178,3741,16109
Honda,Gasoline,SUV,160,120,2998,39214
Ford,Gasoline,SUV,291,235,2823,31016
BMW,Diesel,Hatchback,104,268,3383,16936
Honda,Diesel,SUV,336,70,2384,16036
BMW,Diesel,Sedan,280,141,2055,44236
Honda,Gasoline,Hatchback,136,176,2117,19021
BMW,Diesel,Sedan,155,129,2899,41943
BMW,Gasoline,Hatchback,336,105,3276,42848
Honda,Gasoline,SUV,296,287,2797,20471
Honda,Diesel,Hatchback,172,264,2779,28244
Honda,Gasoline,Hatchback,158,165,3015,43985
Toyota,Diesel,Sedan,339,197,2802,43440
Ford,Diesel,Sedan,101,279,2844,6502
Toyota,Diesel,Hatchback,287,231,3203,39178
Toyota,Diesel,SUV,129,74,3438,8770
BMW,Diesel,SUV,366,205,3893,47865
Honda,Gasoline,Sedan,207,54,3258,9001
Ford,Gasoline,SUV,189,169,2854,25946
BMW,Diesel,Sedan,304,70,2707,5598
Toyota,Diesel,SUV,319,67,3843,35316
Honda,Gasoline,Hatchback,193,224,3103,30567
BMW,Gasoline,Sedan,202,247,3670,31508
Honda,Gasoline,Sedan,322,106,2021,48744
BMW,Gasoline,Hatchback,285,142,3500,44159
Honda,Diesel,Sedan,283,68,2842,35276
Toyota,Diesel,SUV,261,177,3463,28671
Ford,Gasoline,SUV,346,146,3760,21450
Toyota,Diesel,Sedan,130,242,3593,19908
Ford,Gasoline,SUV,151,286,3116,49358
Honda,Diesel,Sedan,175,180,2191,40518
BMW,Gasoline,Hatchback,377,219,3018,36212
Toyota,Diesel,Sedan,139,70,3126,47684
Ford,Gasoline,Hatchback,200,276,2395,11806
Toyota,Gasoline,SUV,210,282,3030,44197
Ford,Diesel,Hatchback,348,89,2639,45891
Toyota,Gasoline,SUV,290,116,3018,23015
Ford,Diesel,Sedan,281,202,2566,44220
Ford,Diesel,SUV,308,176,2230,22158
Honda,Gasoline,Sedan,121,286,2873,20456
Ford,Diesel,Sedan,265,279,2573,32588
Honda,Diesel,Hatchback,198,286,2239,27491
Ford,Diesel,Hatchback,307,104,2089,29188
BMW,Diesel,Hatchback,107,261,2231,32079
BMW,Diesel,Hatchback,289,229,2456,9019
BMW,Gasoline,SUV,274,221,2232,17419
Ford,Diesel,SUV,372,158,2353,38697
Honda,Diesel,SUV,116,147,3004,24396
Honda,Diesel,Sedan,189,262,3356,44032
Ford,Diesel,SUV,240,233,2438,34892
BMW,Diesel,SUV,244,232,3398,12973
BMW,Gasoline,SUV,265,161,3315,47465
Honda,Diesel,Hatchback,177,264,2344,26113
BMW,Gasoline,SUV,361,247,2663,16136
Toyota,Gasoline,Sedan,262,164,3451,24203
Honda,Gasoline,Hatchback,113,166,2656,36285
BMW,Gasoline,Sedan,338,254,2129,28039
Honda,Diesel,SUV,171,290,2140,6184
Toyota,Gasoline,Hatchback,242,136,2414,27727
Honda,Gasoline,Sedan,382,250,3116,21911
Honda,Diesel,SUV,368,130,2625,5916
Honda,Diesel,Sedan,340,115,2283,8574
Honda,Diesel,Sedan,344,68,3979,41087
Toyota,Gasoline,Sedan,262,260,3946,22790
Ford,Diesel,SUV,159,297,3678,22625
Honda,Diesel,SUV,105,184,2222,10206
Honda,Gasoline,Sedan,296,167,2743,24517
BMW,Diesel,Hatchback,157,240,2462,42696
Honda,Diesel,Hatchback,316,91,3568,21105
BMW,Diesel,SUV,125,91,3299,40656
Ford,Diesel,SUV,104,108,3705,7690
Toyota,Gasoline,SUV,119,69,3163,41859
Toyota,Diesel,SUV,297,122,2356,5690
Ford,Diesel,SUV,158,66,3736,30103
Toyota,Gasoline,Hatchback,341,76,3046,39263
Ford,Diesel,SUV,245,224,3991,16085
Ford,Gasoline,Sedan,372,51,3759,30825
Ford,Diesel,Sedan,348,112,3903,15720
Toyota,Gasoline,Hatchback,113,111,3293,43641
BMW,Gasoline,Sedan,112,149,2858,42271
Ford,Gasoline,Hatchback,143,68,2664,16720
Honda,Gasoline,Hatchback,118,66,3356,5897
Toyota,Diesel,Sedan,162,118,3014,22094
Ford,Gasoline,SUV,338,216,2084,41463
Ford,Diesel,Sedan,199,259,2620,40454
Honda,Gasoline,Sedan,262,166,3054,28572
BMW,Gasoline,Hatchback,221,295,3764,43546
BMW,Gasoline,Sedan,143,248,2239,20150
BMW,Diesel,Hatchback,244,130,3913,21799
Ford,Gasoline,SUV,149,88,2362,14663
Ford,Diesel,SUV,164,85,2821,41948
Ford,Diesel,SUV,387,217,3412,42030
Toyota,Diesel,Sedan,263,222,3676,32007
Honda,Diesel,Hatchback,240,181,2667,40283
Ford,Diesel,SUV,227,279,3322,30671
Honda,Diesel,Hatchback,338,202,3880,30385
Honda,Diesel,Hatchback,395,246,3394,16236
BMW,Diesel,SUV,286,207,2098,27024
Toyota,Diesel,SUV,307,253,2046,44384
Ford,Gasoline,Hatchback,319,245,2838,22376
BMW,Gasoline,SUV,289,265,2421,42138
BMW,Gasoline,Hatchback,383,78,3503,23157
Ford,Gasoline,Hatchback,336,250,3602,24945
Honda,Gasoline,SUV,293,245,2061,41584
BMW,Diesel,Sedan,386,100,3132,28017
Honda,Diesel,SUV,358,201,3702,6756
Toyota,Diesel,Sedan,345,63,3572,40141
Honda,Diesel,Hatchback,235,118,3142,7576
Toyota,Diesel,Hatchback,379,195,3009,30467
Honda,Diesel,Sedan,370,219,2597,41952
BMW,Diesel,Hatchback,270,106,3405,36205
BMW,Gasoline,Sedan,258,260,2391,40165
Toyota,Gasoline,Sedan,300,61,2976,17674
Ford,Gasoline,Hatchback,144,259,3075,48094
Toyota,Gasoline,Sedan,363,66,2602,48314
Toyota,Diesel,SUV,170,79,3312,27353
Honda,Diesel,SUV,202,137,2336,34849
Honda,Diesel,Hatchback,224,252,2809,9535
Toyota,Gasoline,Hatchback,385,148,3227,46936
BMW,Diesel,Sedan,329,72,3903,22118
Honda,Diesel,Sedan,245,258,3261,5632
Ford,Diesel,Sedan,296,178,3405,18280
Honda,Gasoline,Sedan,320,128,3690,19746
Honda,Diesel,SUV,159,81,2751,42036
Ford,Gasoline,SUV,197,58,3159,24285
Toyota,Gasoline,Hatchback,270,64,3430,23047
Ford,Gasoline,Sedan,272,205,3531,15207
Toyota,Gasoline,Sedan,250,201,3385,10591
Toyota,Diesel,Hatchback,221,237,3404,32757
Toyota,Gasoline,Sedan,207,212,2880,21226
Ford,Gasoline,Sedan,103,263,3599,34732
Toyota,Diesel,Sedan,192,76,2634,32206
BMW,Diesel,Sedan,105,260,2253,25256
Ford,Gasoline,Sedan,387,158,3500,38822
BMW,Diesel,Hatchback,205,125,3137,46340
Toyota,Gasoline,Sedan,245,197,2019,48351
Honda,Gasoline,Hatchback,370,114,2527,45775
Toyota,Gasoline,Sedan,195,262,3168,14784
BMW,Gasoline,SUV,328,226,3231,42029
BMW,Diesel,SUV,301,158,3554,40157
Ford,Gasoline,SUV,311,178,2375,24937
Honda,Diesel,SUV,105,59,3527,16219
Ford,Diesel,Hatchback,211,96,3927,14399
BMW,Diesel,Hatchback,205,172,2165,38312
Toyota,Diesel,Sedan,238,108,3573,32657
Honda,Gasoline,SUV,398,145,3204,25047
Toyota,Diesel,Hatchback,195,239,2860,40007
Toyota,Gasoline,Sedan,396,152,2616,15559
Honda,Diesel,Sedan,313,173,2611,25157
Ford,Diesel,Hatchback,390,135,3625,40395
Toyota,Gasoline,SUV,121,195,3950,11618
BMW,Gasoline,Sedan,292,161,3835,49891
Toyota,Gasoline,SUV,249,223,3467,11780
Honda,Diesel,SUV,346,209,3355,32050
Honda,Diesel,SUV,366,76,2502,13015
Honda,Gasoline,Sedan,350,269,2912,8130
Ford,Gasoline,SUV,102,67,2078,33083
Toyota,Gasoline,Sedan,175,216,2584,21480
Ford,Gasoline,SUV,186,226,3958,40476
Ford,Diesel,Sedan,369,270,3961,43165
Honda,Gasoline,SUV,324,131,2687,16528
Honda,Gasoline,Hatchback,117,221,2395,10914
Ford,Gasoline,SUV,212,121,3631,42136
Toyota,Gasoline,SUV,350,103,3880,16179
BMW,Diesel,Sedan,332,272,3126,25472
Ford,Gasoline,Sedan,378,211,2401,17076
Toyota,Diesel,SUV,301,120,2974,29783
Honda,Gasoline,Hatchback,182,213,2223,18824
Honda,Gasoline,Hatchback,224,195,2517,9299
Toyota,Diesel,Sedan,274,87,2633,13118
BMW,Gasoline,Hatchback,168,236,2235,15756
Honda,Diesel,SUV,146,186,3450,12953
Honda,Diesel,Sedan,355,250,2115,42552
Honda,Gasoline,SUV,314,287,3186,20185
Toyota,Diesel,Sedan,129,249,2225,46792
Ford,Diesel,Sedan,380,228,2229,19674
Honda,Diesel,Sedan,336,84,2181,49476
Ford,Diesel,Sedan,347,131,3272,38927
BMW,Diesel,Hatchback,124,182,3341,5386
Honda,Diesel,SUV,173,191,3988,31617
Honda,Diesel,SUV,305,269,2209,12192
BMW,Diesel,SUV,193,207,3679,15745
Honda,Gasoline,Sedan,226,53,3415,35020
Ford,Gasoline,Hatchback,124,216,3880,47678
Toyota,Diesel,SUV,215,261,2095,26159
Ford,Gasoline,Hatchback,147,241,2893,8409
Toyota,Diesel,Sedan,325,202,3881,30745
Toyota,Diesel,SUV,365,205,2755,34455
Ford,Gasoline,Hatchback,198,253,3109,43910
Ford,Diesel,Sedan,110,243,2414,43735
Ford,Diesel,Hatchback,184,284,2393,34166
Ford,Diesel,SUV,313,255,2695,44973
BMW,Diesel,SUV,272,199,3656,33072
Honda,Gasoline,Sedan,308,208,2843,17109
Toyota,Diesel,Sedan,163,72,3524,7484
Ford,Diesel,Sedan,357,97,2603,39622
Ford,Diesel,Hatchback,220,197,2581,49399
Ford,Gasoline,Hatchback,397,174,3939,7597
BMW,Diesel,Hatchback,153,215,2132,45597
Ford,Gasoline,Sedan,371,104,2790,45954
Ford,Gasoline,SUV,340,117,2648,8983
Ford,Diesel,SUV,342,256,3337,44452
Honda,Diesel,Hatchback,117,137,3722,48151
BMW,Gasoline,Hatchback,286,266,2220,22040
Ford,Diesel,SUV,243,50,2975,49772
Toyota,Gasoline,SUV,361,184,3461,35554
Toyota,Gasoline,Hatchback,338,234,3069,32916
Toyota,Diesel,Hatchback,397,144,3813,49871
BMW,Diesel,SUV,175,189,3215,31372
BMW,Gasoline,Sedan,287,155,3543,44080
Toyota,Gasoline,Hatchback,345,182,3402,45706
Ford,Gasoline,SUV,229,157,2787,47722
BMW,Gasoline,SUV,382,227,2690,34048
Toyota,Diesel,SUV,178,91,3357,24669
Toyota,Diesel,SUV,171,151,2038,14777
Ford,Diesel,Sedan,362,173,3316,41331
Honda,Diesel,SUV,290,189,2689,25968
BMW,Diesel,Hatchback,162,152,2161,42809
Ford,Gasoline,Sedan,111,195,3354,16292
Toyota,Diesel,SUV,240,243,3909,45794
Toyota,Diesel,Sedan,353,123,3127,18923
Ford,Diesel,Hatchback,142,256,2160,32703
BMW,Diesel,SUV,116,271,3822,23657
Honda,Diesel,Hatchback,162,157,3658,8629
Honda,Gasoline,SUV,352,171,3077,7114
Toyota,Gasoline,SUV,391,66,3963,39445
BMW,Gasoline,SUV,107,245,3057,40862
Honda,Diesel,SUV,189,120,2241,30574
BMW,Gasoline,SUV,307,111,2966,37349
BMW,Gasoline,Sedan,391,90,2889,27257
Toyota,Diesel,SUV,383,272,2112,40052
Honda,Diesel,SUV,217,292,3013,42820
Ford,Diesel,Sedan,274,296,2317,22973
Toyota,Gasoline,Sedan,175,280,2022,30737
Honda,Gasoline,Sedan,200,168,3581,17047
Honda,Diesel,Sedan,250,211,2823,27113
Honda,Diesel,Sedan,369,247,3670,5694
Honda,Gasoline,Sedan,170,291,3141,20588
Honda,Gasoline,SUV,279,279,2700,25067
BMW,Diesel,SUV,223,94,3666,11704
Toyota,Diesel,Hatchback,392,107,3018,45136
BMW,Gasoline,SUV,384,228,3957,6971
Ford,Diesel,SUV,294,175,3235,45823
Honda,Gasoline,Sedan,327,211,3441,16441
Toyota,Gasoline,Sedan,374,93,3136,36476
Honda,Gasoline,SUV,205,64,3067,19677
Toyota,Gasoline,Hatchback,120,127,2127,32818
BMW,Diesel,Sedan,163,119,2875,6868
Toyota,Diesel,SUV,264,227,2157,23055
Ford,Gasoline,SUV,126,150,3808,6728
Ford,Gasoline,Hatchback,384,291,2826,12632
Toyota,Gasoline,Hatchback,247,209,3417,17043
Toyota,Gasoline,Sedan,380,244,3890,11403
Toyota,Gasoline,Hatchback,263,52,2851,20732
Toyota,Diesel,SUV,323,263,2511,23526
Ford,Diesel,SUV,371,135,3937,14340
Honda,Diesel,Hatchback,245,123,2044,43952
Toyota,Diesel,Hatchback,129,100,3131,27394
Toyota,Gasoline,Hatchback,144,116,2218,38021
Ford,Gasoline,Hatchback,374,125,2442,9102
Ford,Gasoline,Sedan,133,142,3853,41310
BMW,Gasoline,Hatchback,240,225,2314,24159
Toyota,Gasoline,Sedan,320,194,2176,11212
BMW,Diesel,SUV,121,56,2227,36824
Ford,Gasoline,Hatchback,279,62,3726,42405
Ford,Diesel,Sedan,330,169,3695,16525
Honda,Diesel,Hatchback,137,115,3929,33760
Toyota,Diesel,SUV,169,53,2266,49239
BMW,Diesel,SUV,215,187,2869,32457
Ford,Gasoline,SUV,338,280,2837,15532
Ford,Diesel,Hatchback,247,137,3402,18518
BMW,Diesel,Hatchback,108,66,2488,11476
Honda,Diesel,Sedan,387,101,2701,24743
Ford,Gasoline,SUV,149,183,2686,6004
Toyota,Gasoline,Hatchback,104,260,3313,48054
Ford,Gasoline,SUV,225,118,2995,42485
Toyota,Diesel,SUV,174,273,2356,8271
BMW,Diesel,Sedan,264,251,3680,5209
Toyota,Gasoline,Sedan,377,186,3767,30463
BMW,Diesel,Sedan,399,268,2871,10539
Toyota,Gasoline,Sedan,389,254,3973,24977
BMW,Gasoline,SUV,176,260,2203,13606
Toyota,Diesel,Sedan,397,70,3236,49384
Honda,Diesel,Sedan,236,73,2551,39052
Toyota,Diesel,Sedan,205,279,3810,8148
Toyota,Diesel,Sedan,194,53,2322,38536
Honda,Gasoline,SUV,234,201,2593,10607
Ford,Gasoline,Sedan,167,236,2180,24586
Ford,Gasoline,SUV,246,276,2498,34250
Toyota,Gasoline,Hatchback,258,52,3343,23594
Honda,Gasoline,SUV,262,117,2082,12399
Toyota,Diesel,SUV,288,298,2302,30117
BMW,Gasoline,Sedan,194,150,2261,38126
BMW,Gasoline,Hatchback,280,217,2783,38617
Toyota,Gasoline,Hatchback,387,225,3223,12498
Ford,Diesel,Hatchback,286,103,3263,42290
Ford,Diesel,Hatchback,237,84,2913,14628
Toyota,Diesel,SUV,229,272,2691,5329
Toyota,Diesel,Hatchback,293,105,2943,43619
BMW,Gasoline,SUV,372,157,2682,12032
Ford,Gasoline,SUV,243,266,3318,43034
Toyota,Diesel,SUV,115,89,3535,42122
BMW,Diesel,Hatchback,344,254,2688,25622
Ford,Gasoline,Sedan,206,117,3904,33584
Honda,Gasoline,Sedan,187,95,2395,9722
BMW,Diesel,Hatchback,228,127,3772,22772
Ford,Diesel,Sedan,103,190,3161,25569
Ford,Diesel,Sedan,194,204,2838,46679
BMW,Diesel,SUV,308,55,2877,8235
Honda,Gasoline,SUV,324,66,2822,9576
BMW,Gasoline,Hatchback,146,213,3152,31707
Ford,Gasoline,Hatchback,280,281,2048,38868
Toyota,Diesel,Sedan,205,290,3699,46632
Toyota,Diesel,SUV,298,148,2788,46476
BMW,Gasoline,Hatchback,205,130,2292,35285
Ford,Gasoline,Hatchback,379,282,3651,29154
Toyota,Gasoline,Hatchback,359,51,2535,25054
Ford,Gasoline,Hatchback,207,298,2310,22165
BMW,Diesel,Hatchback,118,126,2536,19439
Toyota,Gasoline,Hatchback,395,229,3926,49518
Ford,Gasoline,Sedan,270,115,2638,27515
Toyota,Gasoline,SUV,294,101,2233,31962
BMW,Gasoline,SUV,111,141,3232,47549
Ford,Gasoline,Hatchback,294,220,2604,42763
Toyota,Gasoline,SUV,382,267,2093,49754
BMW,Gasoline,SUV,281,71,2326,24464
Toyota,Diesel,SUV,243,160,2224,47036
Toyota,Diesel,Hatchback,281,156,2966,35413
Honda,Diesel,Hatchback,129,232,2889,38270
Honda,Diesel,SUV,183,116,3815,47299
BMW,Gasoline,SUV,265,276,2010,25269
Honda,Diesel,Hatchback,383,237,3352,36541
BMW,Diesel,Sedan,380,235,3035,13009
Honda,Gasoline,SUV,195,189,2034,22007
Toyota,Gasoline,Sedan,365,265,2446,31462
BMW,Diesel,SUV,397,118,3475,16542
BMW,Diesel,Sedan,395,133,3763,22434
Toyota,Gasoline,Sedan,324,152,3243,34765
BMW,Diesel,Sedan,141,88,2440,28769
BMW,Gasoline,Hatchback,345,62,2652,27465
Honda,Gasoline,Sedan,307,90,3558,26868
BMW,Gasoline,Sedan,336,106,2594,25156
Ford,Gasoline,Sedan,121,230,2228,25300
Toyota,Diesel,SUV,284,286,3958,18435
Honda,Gasoline,Sedan,341,61,2343,9114
Honda,Gasoline,SUV,382,62,3103,41135
Ford,Diesel,Sedan,140,169,3376,13095
Toyota,Gasoline,Sedan,261,251,3419,42909
Toyota,Diesel,Hatchback,259,146,3313,8951
Honda,Diesel,SUV,188,106,3478,26468
BMW,Diesel,Sedan,111,89,3866,32073
Honda,Gasoline,SUV,172,167,3694,39341
Toyota,Diesel,SUV,175,129,2988,7768
Ford,Diesel,Hatchback,300,177,3151,43070
Honda,Gasoline,Hatchback,109,222,3725,38979
Toyota,Diesel,Hatchback,325,84,2908,30351
Honda,Diesel,Hatchback,275,52,3566,20445
BMW,Diesel,Hatchback,375,169,3921,6160
Honda,Diesel,Hatchback,138,54,3382,27361
Honda,Diesel,Hatchback,159,267,2526,12041
Toyota,Gasoline,Hatchback,165,60,3336,23767
Toyota,Diesel,Sedan,223,175,2074,15846
Toyota,Diesel,SUV,263,120,3569,43644
Honda,Gasoline,Hatchback,258,166,3894,24924
BMW,Gasoline,Hatchback,156,233,2195,18882
Ford,Gasoline,SUV,177,187,3866,19738
Ford,Diesel,Sedan,293,155,2028,26019
Toyota,Gasoline,SUV,384,165,2705,6095
Toyota,Diesel,SUV,114,211,3020,43669
Honda,Diesel,Hatchback,111,116,2015,45983
Ford,Gasoline,SUV,200,249,3446,19123
Toyota,Gasoline,SUV,255,80,3612,33132
BMW,Diesel,Hatchback,224,124,2804,6079
BMW,Gasoline,Hatchback,379,286,3616,34657
Toyota,Diesel,Hatchback,209,120,3428,37375
Toyota,Gasoline,Hatchback,245,286,2939,29754
Ford,Gasoline,SUV,315,115,3659,36153
Ford,Gasoline,SUV,261,119,3554,23344
Honda,Diesel,Sedan,227,90,2966,39241
Ford,Gasoline,Sedan,249,240,3637,42656
BMW,Diesel,SUV,135,209,3927,9979
BMW,Diesel,Sedan,272,69,3100,6212
Toyota,Diesel,SUV,121,234,2228,14001
Ford,Diesel,Sedan,305,275,2961,18248
Honda,Gasoline,Hatchback,226,227,3320,38187
BMW,Diesel,Sedan,316,257,3533,20608
BMW,Diesel,Hatchback,195,202,2714,41427
Honda,Gasoline,Hatchback,263,189,2983,36368
Honda,Diesel,Hatchback,247,248,3989,10283
BMW,Gasoline,Hatchback,117,88,2572,30854
BMW,Diesel,Sedan,393,194,3561,15715
Honda,Gasoline,SUV,294,94,3606,21165
BMW,Diesel,Hatchback,250,188,2614,39108
Toyota,Gasoline,Sedan,222,119,2325,31797
Toyota,Diesel,Hatchback,286,174,3386,15584
Honda,Diesel,Sedan,248,200,3692,19780
Ford,Gasoline,Sedan,203,140,2874,42905
Honda,Gasoline,Sedan,342,287,2358,26573
Honda,Gasoline,SUV,330,119,3729,38359
Ford,Gasoline,Sedan,305,215,3810,5526
Ford,Diesel,Sedan,297,179,2323,12855
Ford,Diesel,SUV,186,263,3721,48463
Toyota,Gasoline,SUV,241,133,3349,39060
BMW,Diesel,Sedan,298,138,3648,34482
Toyota,Gasoline,SUV,145,128,3848,21571
BMW,Gasoline,Hatchback,387,162,2164,36740
Toyota,Diesel,Hatchback,114,142,3596,24142
BMW,Diesel,SUV,143,121,3627,30104
Toyota,Diesel,SUV,268,214,2797,13625
Ford,Diesel,Sedan,143,98,2454,44199
Honda,Diesel,SUV,197,101,3992,20926
Toyota,Diesel,Sedan,360,82,3176,36218
BMW,Diesel,Hatchback,208,71,3760,49472
Ford,Gasoline,SUV,382,163,3150,31380
Toyota,Gasoline,Sedan,203,288,2192,25566
Toyota,Gasoline,Sedan,355,182,2626,38205
Ford,Gasoline,Hatchback,305,280,3797,48548
Toyota,Gasoline,SUV,142,67,2529,34717
Honda,Diesel,Hatchback,344,215,3033,46756
Toyota,Gasoline,Sedan,386,167,2091,30135
Honda,Gasoline,Sedan,372,166,2138,33164
Honda,Gasoline,SUV,182,86,2480,13953
Ford,Gasoline,Sedan,209,271,2448,43562
Toyota,Gasoline,SUV,289,292,3356,8574
Ford,Gasoline,Hatchback,387,272,2868,25169
Toyota,Gasoline,SUV,350,113,2339,26604
Toyota,Diesel,SUV,311,187,3984,29134
BMW,Diesel,Sedan,390,128,3075,28202
Toyota,Gasoline,Sedan,232,219,3730,5684
Ford,Diesel,SUV,300,172,2465,42001
Honda,Diesel,Sedan,384,225,2717,13007
Toyota,Diesel,Sedan,194,93,2798,40096
BMW,Diesel,Sedan,377,131,2474,46787
Ford,Gasoline,SUV,318,136,2400,14255
Toyota,Diesel,Sedan,188,274,3462,37262
Ford,Diesel,SUV,171,65,3901,23093
BMW,Diesel,Sedan,346,103,2604,10782
BMW,Gasoline,Hatchback,228,151,2931,6234
Ford,Gasoline,Sedan,311,212,2996,42973
Toyota,Gasoline,Sedan,195,147,2921,39188
Honda,Gasoline,SUV,174,205,2820,36996
BMW,Gasoline,SUV,153,51,2656,34204
Toyota,Gasoline,Sedan,153,143,2597,22152
Toyota,Gasoline,Hatchback,317,190,3532,47364
Honda,Diesel,Sedan,115,218,3176,30019
BMW,Diesel,Sedan,198,257,2513,24488
BMW,Diesel,Hatchback,119,108,3526,42123
Toyota,Gasoline,SUV,145,118,3877,24689
Toyota,Gasoline,Sedan,292,168,3924,33506
Honda,Gasoline,SUV,157,141,3795,22715
Honda,Gasoline,SUV,210,230,3699,46029
BMW,Gasoline,Hatchback,228,280,3029,18765
Ford,Diesel,Hatchback,293,94,2499,26942
BMW,Diesel,SUV,107,197,3684,43712
Toyota,Gasoline,Sedan,128,73,2716,44894
BMW,Gasoline,SUV,211,238,3141,43031
Ford,Gasoline,Sedan,260,140,3508,25478
Honda,Gasoline,Sedan,230,143,2600,27551
Ford,Diesel,Hatchback,287,107,2665,33072
Ford,Gasoline,Sedan,262,286,3974,40561
Ford,Gasoline,Sedan,296,204,3702,7892
Honda,Gasoline,SUV,303,203,2467,38966
Ford,Gasoline,Hatchback,311,177,2160,29395
Ford,Diesel,Sedan,208,56,2269,23756
Ford,Gasoline,Sedan,375,219,3079,27174
Toyota,Gasoline,Hatchback,172,96,2227,39651
Ford,Diesel,SUV,266,102,2848,5797
Honda,Diesel,Hatchback,359,236,2148,13209
Ford,Diesel,Hatchback,342,87,3069,46003
Ford,Gasoline,Sedan,374,246,3167,26346
Honda,Gasoline,Sedan,201,264,3773,33024
Ford,Diesel,SUV,272,269,3807,34414
Honda,Diesel,Sedan,270,275,2631,45818
Ford,Diesel,Sedan,240,102,3363,10947
Honda,Diesel,Hatchback,287,192,2412,14617
Ford,Diesel,Sedan,185,273,3755,25704
Ford,Diesel,SUV,151,203,2519,33702
Toyota,Gasoline,Hatchback,210,97,3367,6892
Toyota,Gasoline,SUV,142,144,2386,34754
Ford,Gasoline,Hatchback,310,196,3496,8424
Ford,Diesel,Sedan,299,186,2274,47218
BMW,Diesel,Hatchback,397,113,2352,18418
Honda,Diesel,Hatchback,339,142,3089,34886
BMW,Diesel,Sedan,214,231,3102,39783
Toyota,Diesel,Sedan,125,174,2597,28057
Toyota,Diesel,SUV,398,299,3659,9833
Toyota,Gasoline,SUV,176,228,3225,14894
Toyota,Gasoline,Sedan,236,88,3685,46833
Ford,Diesel,Sedan,119,53,2557,5565
Toyota,Gasoline,Sedan,310,175,2112,45180
Ford,Diesel,Hatchback,339,52,3114,23402
Ford,Gasoline,Hatchback,138,297,2140,47845
Toyota,Diesel,Hatchback,367,113,3312,15315
Toyota,Diesel,Sedan,306,78,3924,17834
Honda,Gasoline,SUV,366,165,2729,7314
BMW,Gasoline,Sedan,253,60,2588,42180
Toyota,Diesel,Hatchback,141,146,2410,8883
Honda,Diesel,Hatchback,110,151,2376,49152
Honda,Gasoline,Sedan,393,235,3407,15051
BMW,Gasoline,Sedan,197,252,3869,45984
Ford,Diesel,Hatchback,374,204,3175,16695
Toyota,Gasoline,Hatchback,329,274,3858,28123
BMW,Diesel,Hatchback,319,70,2750,12902
Toyota,Diesel,Sedan,164,88,2626,22573
Honda,Diesel,Hatchback,331,272,3342,34374
Honda,Diesel,Hatchback,151,151,3392,17288
Ford,Gasoline,SUV,362,95,3629,11884
Honda,Gasoline,Sedan,366,115,2994,15559
Honda,Gasoline,SUV,253,140,3583,23125
BMW,Gasoline,SUV,239,213,2702,8688
Toyota,Gasoline,Hatchback,150,252,2461,28869
Toyota,Gasoline,Sedan,216,160,2011,43137
BMW,Gasoline,Hatchback,145,131,3179,49706
Ford,Diesel,Sedan,187,172,3707,9023
Toyota,Gasoline,SUV,307,242,2476,22100
Honda,Gasoline,Sedan,368,240,2938,41735
Toyota,Diesel,Hatchback,188,148,2400,12423
Honda,Gasoline,Hatchback,217,84,2807,44218
Ford,Gasoline,Hatchback,153,208,2176,17213
BMW,Diesel,Sedan,215,205,3364,40983
Toyota,Gasoline,SUV,217,152,2056,38158
BMW,Gasoline,SUV,359,178,3878,33460
Toyota,Gasoline,Sedan,174,74,3875,36017
Honda,Diesel,Hatchback,106,92,2447,38000
BMW,Gasoline,SUV,221,279,2202,31502
Toyota,Gasoline,Hatchback,110,133,3720,35990
Honda,Diesel,Sedan,314,244,3656,24515
BMW,Gasoline,Hatchback,378,240,2737,34991
BMW,Diesel,SUV,127,100,2201,12634
Toyota,Diesel,SUV,334,179,3353,16498
Toyota,Gasoline,Hatchback,125,259,2362,15916
Toyota,Diesel,Sedan,153,175,2891,34377
Honda,Diesel,Hatchback,128,285,2453,38001
Toyota,Gasoline,Sedan,263,241,2355,6391
BMW,Diesel,Hatchback,369,251,2215,48852
BMW,Diesel,SUV,134,118,2971,47215
Toyota,Gasoline,Sedan,385,58,2554,19184
Toyota,Gasoline,Sedan,372,51,2886,32114
Ford,Gasoline,Sedan,307,211,2022,16882
BMW,Diesel,SUV,337,237,2154,22273
Honda,Gasoline,Hatchback,192,279,3209,45670
Ford,Diesel,SUV,272,238,2248,22129
Toyota,Diesel,Sedan,178,208,2748,47679
Toyota,Diesel,Hatchback,209,59,2804,5427
BMW,Diesel,SUV,316,163,2133,36416
Toyota,Diesel,Sedan,205,125,2320,5731
Honda,Diesel,Sedan,146,213,2389,5799
BMW,Diesel,SUV,280,295,2433,33873
Toyota,Gasoline,SUV,163,134,3045,12025
BMW,Gasoline,SUV,345,98,2872,19481
Toyota,Diesel,Sedan,343,288,3623,30411
Toyota,Diesel,SUV,186,119,3688,36358
Toyota,Gasoline,Sedan,316,289,3148,45392
Honda,Diesel,SUV,106,226,3102,19961
Honda,Gasoline,Sedan,377,180,2857,26767
BMW,Gasoline,Sedan,309,251,3991,46000
Toyota,Gasoline,Hatchback,268,182,2050,41135
Toyota,Diesel,SUV,237,287,3751,26392
Honda,Diesel,SUV,329,267,2175,18262
Toyota,Gasoline,Sedan,260,238,2869,10229
Honda,Gasoline,Sedan,100,262,2252,28772
Toyota,Gasoline,Sedan,335,286,2965,23799
BMW,Gasoline,Hatchback,287,139,3269,28555
Toyota,Gasoline,Hatchback,103,279,2738,31616
Toyota,Diesel,Sedan,231,285,3129,24333
Ford,Gasoline,SUV,317,75,3216,9261
Honda,Diesel,SUV,359,121,3339,8466
Toyota,Gasoline,Hatchback,100,54,2301,8088
Toyota,Diesel,Hatchback,170,64,2547,6115
Ford,Diesel,Sedan,277,172,3977,9578
Ford,Diesel,SUV,288,193,2715,7590
Honda,Diesel,Sedan,390,50,3957,12372
Ford,Diesel,Hatchback,107,193,2778,8573
BMW,Diesel,SUV,352,214,2267,7978
Ford,Gasoline,SUV,391,52,3193,48407
BMW,Diesel,Hatchback,343,229,3009,14422
Honda,Gasoline,Sedan,222,96,2550,48626
Honda,Diesel,Sedan,398,144,3478,28697
Honda,Diesel,SUV,382,62,3674,35820
Honda,Gasoline,Hatchback,131,169,3315,42743
Honda,Diesel,SUV,245,257,3587,9925
BMW,Gasoline,Hatchback,255,104,3822,34430
BMW,Gasoline,Sedan,115,284,3824,33834
Honda,Gasoline,Hatchback,146,198,3164,29435
Ford,Gasoline,Sedan,350,115,3169,26676
Toyota,Diesel,Hatchback,286,231,3448,48554
Honda,Diesel,SUV,130,204,2313,24814
Ford,Gasoline,Sedan,359,215,2183,19716
Toyota,Diesel,SUV,116,139,3687,32528
Honda,Diesel,SUV,138,235,2712,6995
Honda,Gasoline,Sedan,138,111,2127,27414
BMW,Diesel,Sedan,231,151,3310,18844
Toyota,Gasoline,SUV,129,223,3846,41659
Toyota,Gasoline,SUV,257,266,3276,20522
Ford,Diesel,SUV,377,188,3801,44913
BMW,Diesel,SUV,302,249,2699,13498
BMW,Diesel,Sedan,165,57,2385,47322
BMW,Gasoline,Sedan,207,146,3253,7102
BMW,Gasoline,SUV,367,166,2270,40798
Toyota,Diesel,Hatchback,321,248,3794,13524
Toyota,Diesel,Hatchback,391,113,2810,35846
Honda,Diesel,Sedan,117,279,2414,13107
Honda,Diesel,SUV,189,70,2197,23268
BMW,Gasoline,SUV,280,249,3346,29399
BMW,Diesel,Sedan,354,164,3079,14624
BMW,Gasoline,Hatchback,352,295,2830,32126
Honda,Gasoline,Hatchback,356,240,3226,28131
Ford,Diesel,Hatchback,186,134,3806,25714
Ford,Diesel,Sedan,189,241,3644,45631
Honda,Diesel,Hatchback,336,297,2627,40877
Honda,Gasoline,Sedan,169,69,2603,23570
Honda,Diesel,Sedan,143,57,3161,17482
Honda,Diesel,SUV,299,107,3445,39318
Honda,Gasoline,Hatchback,251,95,3838,38414
Honda,Diesel,Sedan,185,80,3080,26040
BMW,Gasoline,Hatchback,118,291,3585,18407
BMW,Diesel,Hatchback,200,298,3009,38305
BMW,Gasoline,SUV,194,142,2070,19166
BMW,Diesel,Hatchback,353,289,2910,11572
Honda,Diesel,SUV,129,58,3937,38002
Ford,Gasoline,Sedan,348,64,2593,31972
Toyota,Gasoline,Hatchback,132,143,3395,47464
Honda,Diesel,Sedan,328,203,3640,27923
Toyota,Gasoline,Hatchback,111,187,2599,6909
Ford,Gasoline,Sedan,217,78,2513,49918
BMW,Gasoline,Hatchback,254,295,3895,37848
Ford,Gasoline,Hatchback,345,129,2083,7083
Honda,Diesel,Hatchback,346,85,2993,22140
BMW,Diesel,Hatchback,128,133,3066,7670
Honda,Gasoline,Hatchback,260,158,3689,41519
BMW,Gasoline,Hatchback,334,167,2838,49512
Toyota,Gasoline,Hatchback,289,86,3957,43029
Toyota,Gasoline,Hatchback,216,135,2605,19691
Toyota,Diesel,Hatchback,370,120,2809,44620
Ford,Diesel,Sedan,357,200,2132,39262
Honda,Gasoline,SUV,279,218,3418,30595
Ford,Gasoline,Hatchback,271,281,3088,38440
Toyota,Gasoline,SUV,373,142,2289,13630
Honda,Diesel,Hatchback,358,129,2375,36250
Toyota,Gasoline,Hatchback,234,151,2768,33798
Ford,Diesel,Sedan,270,205,2466,48036
Ford,Gasoline,Sedan,309,225,3921,38212
Ford,Diesel,SUV,335,215,3236,46925
Toyota,Gasoline,Sedan,285,208,3171,16982
Honda,Diesel,Sedan,194,63,3596,13655
Honda,Gasoline,SUV,110,166,2470,23582
Toyota,Gasoline,Sedan,167,274,2148,40055
Honda,Gasoline,Hatchback,309,298,2087,49725
Toyota,Diesel,SUV,295,122,3347,9008
Honda,Gasoline,SUV,197,298,3918,49464
BMW,Diesel,Hatchback,192,140,2395,46872
BMW,Diesel,Sedan,121,265,2789,5496
Ford,Gasoline,SUV,271,254,3427,39231
BMW,Gasoline,SUV,233,139,3105,28212
BMW,Gasoline,Hatchback,124,78,3664,25637
BMW,Diesel,Hatchback,284,228,3309,21877
Toyota,Gasoline,Sedan,184,98,3405,22810
BMW,Diesel,SUV,154,220,2864,14884
BMW,Diesel,Sedan,350,269,3815,7723
Ford,Gasoline,Sedan,243,269,3293,9761
BMW,Gasoline,Hatchback,266,121,3315,12630
BMW,Gasoline,SUV,323,264,3476,21375
Honda,Gasoline,SUV,319,270,3738,46509
Ford,Gasoline,SUV,278,182,2023,30218
Ford,Gasoline,Hatchback,218,91,2955,35565
Ford,Diesel,Hatchback,364,184,3886,42118
Ford,Diesel,Hatchback,249,91,2310,37975
Ford,Diesel,Hatchback,314,213,3484,32073
Ford,Gasoline,Hatchback,296,154,3231,9190
Toyota,Diesel,SUV,141,76,3815,6883
BMW,Diesel,Sedan,152,107,3740,7886
Ford,Diesel,SUV,350,95,2663,13953
BMW,Diesel,Sedan,394,115,2437,13381
BMW,Diesel,Hatchback,370,74,3561,28238
Toyota,Gasoline,Sedan,222,122,2705,18795
Ford,Gasoline,SUV,365,166,3359,35428
Honda,Diesel,SUV,128,204,2421,14638
Toyota,Diesel,Sedan,134,178,3773,9931
Honda,Diesel,Hatchback,105,136,2320,47623
BMW,Gasoline,Hatchback,210,123,3520,43492
BMW,Gasoline,SUV,393,219,2586,31411
Toyota,Diesel,Sedan,176,229,2946,25534
Toyota,Gasoline,Hatchback,246,202,3186,41828
Honda,Gasoline,Hatchback,166,231,3834,34181
Ford,Diesel,SUV,107,174,3564,42533
Honda,Gasoline,Hatchback,221,116,3188,24996
Toyota,Gasoline,Sedan,274,55,2848,11553
Honda,Diesel,SUV,278,174,3721,45146
Toyota,Gasoline,SUV,184,107,3589,23073
Honda,Gasoline,Sedan,144,119,3318,12130
Toyota,Diesel,SUV,235,102,2041,34405
Toyota,Gasoline,Hatchback,115,115,3947,40954
Toyota,Gasoline,Hatchback,294,107,3308,10789
Ford,Diesel,Sedan,108,299,2938,33930
Honda,Diesel,Hatchback,114,131,2386,22529
Honda,Diesel,Sedan,201,136,3161,12942
Honda,Gasoline,Sedan,325,51,3210,12548
Toyota,Diesel,Hatchback,377,253,2909,23296
Honda,Gasoline,Sedan,212,199,2715,37244
Honda,Diesel,Hatchback,100,86,2430,5296
Toyota,Gasoline,SUV,365,197,2553,7409
BMW,Diesel,SUV,307,152,3885,39229
Toyota,Diesel,Sedan,209,73,3439,35846
Honda,Diesel,Hatchback,299,161,2799,40036
Toyota,Diesel,Hatchback,111,261,2425,44322
BMW,Gasoline,SUV,287,114,3439,32167
Toyota,Diesel,SUV,253,242,2025,33991
Honda,Diesel,Hatchback,378,258,3394,22801
BMW,Gasoline,Sedan,270,178,2384,12358
Ford,Diesel,SUV,233,166,2055,27588
Honda,Gasoline,Sedan,124,165,3276,22671
BMW,Diesel,Sedan,117,286,2633,22502
BMW,Diesel,SUV,289,271,2105,30128
Ford,Diesel,Sedan,240,154,3153,36645
Toyota,Gasoline,Sedan,142,288,2848,12637
Toyota,Diesel,Hatchback,383,52,2669,5660
Honda,Diesel,Sedan,245,95,2375,46675
Ford,Diesel,Hatchback,191,104,2742,11922
Toyota,Gasoline,SUV,278,124,2966,33161
Ford,Gasoline,SUV,155,265,2307,49721
Toyota,Diesel,Hatchback,254,263,2090,8970
BMW,Gasoline,SUV,259,241,3416,8407
Toyota,Diesel,Sedan,210,285,3557,32843
Ford,Diesel,Sedan,236,94,2801,14046
BMW,Diesel,Sedan,331,203,2109,28800
BMW,Diesel,SUV,319,126,3584,19547
BMW,Diesel,Sedan,167,242,3664,42528
Ford,Diesel,SUV,348,73,2584,36389
Honda,Diesel,Sedan,105,251,2339,35346
Honda,Gasoline,Hatchback,379,84,3588,27748
Honda,Gasoline,SUV,193,73,2978,41855
Ford,Gasoline,SUV,368,77,2355,30848
BMW,Gasoline,Sedan,296,277,3915,12607
Honda,Gasoline,SUV,124,257,2167,41787
Ford,Gasoline,SUV,247,281,2556,38583
Honda,Gasoline,Hatchback,217,65,3475,17563
Toyota,Diesel,Hatchback,165,108,2904,38690
Honda,Diesel,Sedan,274,258,2104,34176
Honda,Diesel,Hatchback,175,292,2149,19925
BMW,Diesel,Sedan,213,231,2145,26251
Ford,Gasoline,Sedan,210,256,2715,22648
BMW,Gasoline,Sedan,348,193,2873,25108
BMW,Diesel,SUV,302,64,2298,15979
BMW,Diesel,Hatchback,246,298,3190,7722
BMW,Gasoline,Sedan,134,275,3736,10355
BMW,Diesel,Hatchback,125,60,2645,33799
Honda,Diesel,Sedan,337,242,2722,40318
BMW,Diesel,Hatchback,113,128,3071,37705
BMW,Diesel,Hatchback,144,267,2637,48909
Ford,Gasoline,Sedan,315,164,2238,28070
Toyota,Diesel,SUV,332,117,3030,16284
Honda,Diesel,Hatchback,292,92,2463,26737
Honda,Gasoline,SUV,150,118,2452,28241
Honda,Gasoline,SUV,313,276,2783,32414
BMW,Diesel,Sedan,250,190,2896,25895
BMW,Gasoline,Sedan,374,187,2370,31771
BMW,Diesel,Sedan,175,124,3572,6384
Ford,Diesel,Hatchback,319,259,2486,27689
Toyota,Gasoline,Sedan,286,275,3234,32475
BMW,Diesel,Sedan,388,152,2164,13252
Toyota,Diesel,Hatchback,127,90,3148,35844
Ford,Diesel,Hatchback,279,283,3360,35151
Honda,Diesel,Sedan,352,227,2191,45006
BMW,Gasoline,Sedan,225,264,2729,28365
Toyota,Gasoline,Sedan,276,248,2213,11026
Toyota,Diesel,Sedan,136,108,2573,37767
BMW,Gasoline,SUV,198,88,3351,33523
Honda,Diesel,SUV,197,52,2956,15482
Honda,Diesel,Sedan,226,253,2380,46432
Honda,Diesel,SUV,267,56,2672,30108
Ford,Diesel,Hatchback,179,98,3601,5493
Toyota,Diesel,SUV,393,75,2797,21465
Toyota,Gasoline,SUV,225,210,2238,44767
Toyota,Diesel,Sedan,249,150,3555,34550
Ford,Gasoline,SUV,115,225,2699,18833
Toyota,Gasoline,SUV,127,128,3105,7970
Ford,Diesel,SUV,272,51,3386,37779
Honda,Diesel,SUV,145,282,2504,34958
BMW,Diesel,Hatchback,335,176,2201,22145
Toyota,Diesel,Sedan,313,248,2919,40953
Toyota,Diesel,Sedan,184,209,3527,6806
Honda,Gasoline,Hatchback,381,181,3667,10664
BMW,Diesel,SUV,331,69,2036,33900
Ford,Diesel,Hatchback,184,291,2643,19126
BMW,Gasoline,SUV,164,166,3612,10154
Honda,Gasoline,Hatchback,233,213,3624,27208
Honda,Diesel,Sedan,250,81,3996,18767
BMW,Gasoline,Sedan,214,77,3425,25043
Ford,Diesel,Sedan,163,126,2764,6525
Ford,Gasoline,SUV,257,50,3879,38528
Toyota,Gasoline,SUV,176,237,2705,21978
Ford,Diesel,Hatchback,245,105,3199,6055
BMW,Gasoline,Hatchback,324,84,2544,15046
Honda,Gasoline,Sedan,202,161,3593,40851
Toyota,Gasoline,SUV,187,79,3490,20678
Toyota,Gasoline,Hatchback,267,103,3224,49876
Honda,Gasoline,SUV,269,85,2539,31624
Ford,Gasoline,SUV,234,298,3570,47418
Honda,Diesel,Sedan,149,232,3016,43725
Ford,Diesel,Sedan,233,266,3660,10255
Honda,Gasoline,SUV,236,129,2393,14411
BMW,Diesel,SUV,344,107,2832,47459
Ford,Diesel,SUV,208,132,3065,41163
BMW,Diesel,SUV,386,114,2596,38971
Toyota,Gasoline,Sedan,120,118,2392,36235
Honda,Diesel,Hatchback,189,177,2699,24194
Toyota,Gasoline,Sedan,395,100,3646,24476
Toyota,Diesel,Hatchback,211,71,3806,8044
Toyota,Gasoline,SUV,176,265,2440,45040
Toyota,Gasoline,Hatchback,276,156,3860,26057
Honda,Diesel,Sedan,247,158,3640,8514
Toyota,Diesel,Sedan,200,165,3529,14990
Honda,Gasoline,SUV,345,150,2917,43960
Honda,Diesel,Sedan,216,230,2319,48535
BMW,Diesel,SUV,191,149,2552,12507
Ford,Diesel,Sedan,127,213,3238,9857
Ford,Gasoline,Sedan,124,117,3094,17118
Honda,Gasoline,SUV,157,85,2567,8146
BMW,Diesel,Hatchback,396,229,2918,31401
Honda,Diesel,Sedan,233,230,2235,31177
Honda,Diesel,Hatchback,348,259,3304,43524
Honda,Gasoline,Sedan,137,227,2986,9414
BMW,Gasoline,Sedan,174,257,3640,22494
Ford,Diesel,Sedan,241,218,3925,25437
BMW,Diesel,Sedan,267,195,3910,8937
Toyota,Diesel,Hatchback,358,71,3185,41731
BMW,Diesel,Hatchback,324,115,3214,26326
BMW,Diesel,Sedan,251,70,3032,43665
BMW,Diesel,Sedan,118,149,2059,13974
BMW,Gasoline,Hatchback,245,177,2892,22500
Ford,Diesel,SUV,340,93,3840,6750
Toyota,Gasoline,SUV,336,152,2224,9027
Ford,Diesel,Hatchback,134,96,3842,49296
Ford,Diesel,Sedan,289,88,2699,10745
BMW,Gasoline,Sedan,100,78,2581,26448
Honda,Gasoline,SUV,252,103,3828,47447
Honda,Gasoline,SUV,225,139,3310,33451
Ford,Gasoline,Hatchback,325,134,2993,33207
Ford,Diesel,SUV,320,66,2168,10938
BMW,Gasoline,Hatchback,310,129,3085,17150
Ford,Diesel,SUV,124,237,3372,18406
BMW,Gasoline,SUV,115,208,3465,24781
Honda,Diesel,SUV,281,292,2013,42621
Honda,Diesel,Sedan,228,122,2163,23325
Toyota,Diesel,Sedan,141,272,3443,8148
Honda,Diesel,Sedan,335,255,2756,33879
Ford,Diesel,SUV,133,98,3870,12933
Honda,Diesel,Hatchback,144,150,3543,14436
BMW,Gasoline,Hatchback,233,51,3689,22669
Honda,Diesel,Hatchback,120,293,3571,11474
Toyota,Gasoline,Hatchback,221,225,3583,16228
Honda,Gasoline,Sedan,169,287,3620,38538
BMW,Diesel,Sedan,147,191,3051,6843
BMW,Gasoline,SUV,138,108,3731,5073
Ford,Diesel,SUV,386,146,2445,21059
Honda,Gasoline,Hatchback,109,148,3231,25733
BMW,Diesel,Sedan,129,235,3493,45768
Toyota,Gasoline,Hatchback,343,152,2715,30395
Ford,Diesel,SUV,373,235,2975,25202
Toyota,Diesel,SUV,187,288,2818,18273
Honda,Diesel,Hatchback,343,228,2103,38099
Honda,Diesel,SUV,114,261,2741,12512
Honda,Gasoline,Hatchback,103,51,2425,33231
Ford,Diesel,Sedan,290,292,3124,28274
BMW,Gasoline,Hatchback,267,90,3564,42699
Ford,Gasoline,Sedan,108,260,2638,27409
Toyota,Gasoline,Sedan,208,172,2849,10113
Ford,Diesel,SUV,236,278,3545,46187
Toyota,Gasoline,SUV,253,131,3129,7881
Ford,Gasoline,SUV,308,193,3702,24249
BMW,Gasoline,Hatchback,371,181,2768,40343
Toyota,Diesel,Hatchback,242,189,3830,17714
Honda,Diesel,SUV,198,78,2276,43953
Honda,Gasoline,Hatchback,168,184,3088,13656
Ford,Diesel,SUV,346,63,3806,10741
Honda,Diesel,Hatchback,360,296,2899,21661
Toyota,Gasoline,Sedan,375,61,2187,36555
Honda,Gasoline,Sedan,178,148,3340,33690
BMW,Diesel,SUV,245,182,3939,37833
BMW,Gasoline,Hatchback,210,130,3161,42030
Ford,Diesel,Hatchback,357,299,3366,10704
Toyota,Diesel,Sedan,192,155,2104,46362
BMW,Diesel,Sedan,112,81,2545,17175
BMW,Diesel,SUV,359,123,2379,17696
Toyota,Diesel,Sedan,208,220,2109,44023
Honda,Diesel,SUV,288,130,3967,45209
Honda,Gasoline,Sedan,194,118,2544,33054
Ford,Gasoline,Sedan,204,94,2353,26076
Honda,Diesel,Hatchback,107,155,2742,19986
Toyota,Diesel,Sedan,166,186,2316,19440
BMW,Diesel,Sedan,290,226,3289,12960
Honda,Gasoline,SUV,355,210,3717,27462
Ford,Diesel,Sedan,108,277,3875,22821
Honda,Gasoline,SUV,216,149,3088,32258
Toyota,Diesel,Sedan,366,195,2332,32353
Ford,Diesel,Sedan,198,58,3536,28416
Honda,Gasoline,SUV,397,111,3156,27115
Ford,Gasoline,Hatchback,263,234,2591,29968
Toyota,Diesel,SUV,240,78,2782,27731
BMW,Diesel,SUV,367,174,3776,27785
Toyota,Diesel,SUV,136,163,2539,44397
Toyota,Gasoline,Hatchback,173,255,2734,18828
Toyota,Gasoline,Sedan,172,202,3558,9541
Toyota,Gasoline,SUV,298,192,3519,45644
BMW,Gasoline,SUV,229,183,2620,18311
BMW,Gasoline,Hatchback,345,169,2618,35531
Ford,Gasoline,SUV,159,219,3680,19588
Honda,Diesel,Sedan,378,206,3392,17380
BMW,Diesel,Hatchback,202,128,3889,47645
BMW,Gasoline,Sedan,395,142,2908,22818
Honda,Diesel,Sedan,250,53,3933,35857
BMW,Diesel,Hatchback,256,131,3674,26711
Toyota,Gasoline,SUV,305,291,3819,10097
Toyota,Diesel,Sedan,278,234,3833,33393
Honda,Gasoline,Sedan,296,226,2991,27076
Ford,Gasoline,Sedan,322,221,2098,23738
Ford,Diesel,Sedan,188,280,2316,34317
Honda,Gasoline,Hatchback,386,257,2122,44229
Honda,Gasoline,Hatchback,375,124,3343,12044
Toyota,Gasoline,Sedan,335,63,2798,10497
Ford,Gasoline,SUV,282,180,3616,18751
BMW,Gasoline,Sedan,308,292,3518,34882
Toyota,Gasoline,SUV,229,163,2456,47072
Honda,Gasoline,Sedan,252,111,2521,48194
Ford,Gasoline,SUV,112,155,2519,48826
BMW,Diesel,Sedan,221,113,2916,27449
BMW,Diesel,SUV,319,151,2716,49028
Toyota,Diesel,Sedan,205,222,2314,38402
Ford,Gasoline,Sedan,169,155,3969,37543
Ford,Gasoline,SUV,294,259,2708,34362
Honda,Diesel,Hatchback,285,235,2709,32315
Ford,Diesel,SUV,198,69,3565,32746
Ford,Diesel,Hatchback,181,107,3502,15057
Toyota,Gasoline,Sedan,174,161,3936,47915
Ford,Diesel,SUV,291,266,3994,26061
BMW,Diesel,SUV,313,106,3043,39157
Toyota,Gasoline,SUV,243,279,2559,16322
Toyota,Diesel,Hatchback,315,254,2968,9276
Honda,Gasoline,Hatchback,114,245,3153,17306
Ford,Gasoline,Sedan,316,168,3316,39017
Honda,Gasoline,Hatchback,134,255,3920,32742
BMW,Diesel,Hatchback,282,146,3155,36600
Toyota,Diesel,Sedan,369,141,2355,22629
Toyota,Gasoline,SUV,199,101,3077,13245
Toyota,Diesel,SUV,106,86,2889,36414
BMW,Diesel,Sedan,129,57,2792,48870
BMW,Diesel,SUV,243,93,3410,35098
Honda,Diesel,Hatchback,210,147,2264,15588
Honda,Gasoline,Sedan,331,285,2981,5442
Honda,Diesel,Sedan,278,182,3238,44744
Ford,Gasoline,Sedan,171,167,3483,42443
Toyota,Gasoline,SUV,309,118,3481,16803
Toyota,Diesel,Sedan,319,208,2801,45721
Honda,Gasoline,Sedan,179,94,2042,42145
Toyota,Diesel,Sedan,182,186,3609,15599
Honda,Diesel,SUV,141,283,2861,12058
Ford,Gasoline,Hatchback,372,81,3301,22206
Ford,Gasoline,Sedan,290,82,3861,16894
BMW,Gasoline,Hatchback,272,175,3777,7939
Ford,Gasoline,SUV,106,116,3153,27149
Honda,Diesel,SUV,254,79,2349,6031
Ford,Diesel,SUV,109,163,3729,15208
BMW,Diesel,SUV,133,253,3567,5562
Toyota,Gasoline,Hatchback,135,78,3129,48498
Honda,Gasoline,Sedan,105,180,2911,25951
Toyota,Gasoline,SUV,314,267,3739,33351
BMW,Diesel,SUV,233,234,2000,23680
BMW,Gasoline,Hatchback,384,79,3780,26586
BMW,Diesel,Hatchback,225,186,2583,14308
Toyota,Gasoline,SUV,273,203,2431,14609
Toyota,Diesel,Sedan,251,179,3329,34495
Toyota,Diesel,Sedan,125,111,3932,22675
Toyota,Gasoline,SUV,214,52,3550,33064
BMW,Gasoline,Hatchback,383,223,2052,13720
BMW,Diesel,SUV,174,117,2939,47940
Honda,Diesel,SUV,265,74,2519,19457
Honda,Gasoline,Hatchback,288,228,3353,7939
Toyota,Gasoline,SUV,177,190,3581,43203
Ford,Diesel,SUV,189,280,3348,28365
Ford,Gasoline,SUV,275,93,3137,10392
BMW,Diesel,Hatchback,120,212,2146,30905
BMW,Diesel,Sedan,153,104,3189,12972
BMW,Gasoline,Sedan,283,264,3402,35653
Honda,Gasoline,Hatchback,321,186,3162,31329
Honda,Gasoline,Sedan,278,179,2628,24184
BMW,Gasoline,SUV,375,238,2298,19799
BMW,Gasoline,Sedan,211,295,3299,20052
BMW,Diesel,SUV,323,90,3939,11044
Ford,Diesel,Sedan,313,221,2788,24871
Honda,Gasoline,Hatchback,158,113,2849,28767
Ford,Gasoline,Sedan,208,80,3848,25234
Ford,Gasoline,Sedan,256,285,2177,26381
BMW,Diesel,Sedan,290,96,2841,22274
BMW,Gasoline,Hatchback,299,179,3377,27304
Toyota,Gasoline,Sedan,295,145,3177,22572
Toyota,Diesel,Hatchback,134,259,3949,43412
Ford,Diesel,SUV,345,126,3224,30965
Honda,Gasoline,Sedan,336,159,2877,23384
BMW,Gasoline,Hatchback,203,118,3138,22855
BMW,Gasoline,Hatchback,106,107,3694,22920
Ford,Diesel,Sedan,382,155,3577,21702
Toyota,Gasoline,SUV,100,93,2758,42921
Honda,Gasoline,Hatchback,318,123,3091,6894
Toyota,Gasoline,Sedan,329,105,3468,35985
Toyota,Diesel,SUV,271,220,2444,33287
Toyota,Diesel,Hatchback,186,176,3349,12991
Toyota,Gasoline,Hatchback,140,266,3869,20439
BMW,Gasoline,SUV,222,211,2707,34084
BMW,Diesel,SUV,397,278,2601,47235
Toyota,Diesel,Sedan,277,79,3646,32659
Honda,Diesel,Sedan,162,120,3903,29976
Ford,Diesel,Hatchback,264,247,3382,43703
Honda,Diesel,SUV,286,167,2144,22107
Honda,Diesel,SUV,308,104,2274,7329
Honda,Diesel,SUV,326,116,2508,47095
Toyota,Diesel,Hatchback,147,190,3202,7770
BMW,Diesel,SUV,323,52,2752,9846
Honda,Gasoline,SUV,102,75,3861,21651
Toyota,Gasoline,Hatchback,274,106,3854,19633
Honda,Gasoline,Sedan,198,175,2476,18628
Honda,Diesel,Sedan,215,201,3866,5569
Toyota,Gasoline,Hatchback,369,102,3999,6973
BMW,Diesel,SUV,352,247,3437,40590
BMW,Diesel,Hatchback,194,92,3176,38038
Ford,Gasoline,Sedan,372,237,3127,12641
Toyota,Diesel,Sedan,123,235,3098,13930
Ford,Gasoline,Hatchback,215,98,3151,11680
Ford,Gasoline,Hatchback,250,91,3734,6257
Ford,Gasoline,Sedan,149,253,2665,13250
BMW,Diesel,Hatchback,305,290,2567,43138
Toyota,Gasoline,Sedan,178,277,3813,33757
Ford,Diesel,Hatchback,169,243,3368,9858
Toyota,Gasoline,Hatchback,126,60,2530,46349
Toyota,Gasoline,Hatchback,370,152,2158,18491
BMW,Gasoline,Sedan,149,147,3561,30294
Ford,Diesel,Hatchback,391,267,3449,11908
Ford,Diesel,Sedan,346,195,2680,15844
Toyota,Diesel,Sedan,363,134,2022,42629
Honda,Gasoline,Hatchback,178,149,3070,7911
BMW,Gasoline,Hatchback,289,153,2524,13991
BMW,Diesel,Sedan,146,229,2728,16572
BMW,Diesel,Sedan,288,95,3857,48066
BMW,Diesel,SUV,355,93,3729,34693
Ford,Diesel,Sedan,321,71,2143,45004
Ford,Diesel,SUV,340,230,3608,43333
Honda,Diesel,SUV,368,236,2667,22493
BMW,Gasoline,SUV,100,271,3612,44697
BMW,Diesel,Hatchback,133,163,3442,22634
Toyota,Gasoline,Hatchback,178,284,2680,29561
Ford,Gasoline,Sedan,335,174,2972,23033
BMW,Diesel,SUV,197,173,2798,12351
Honda,Diesel,Hatchback,181,79,2084,30921
Honda,Gasoline,Hatchback,291,57,2415,24340
Ford,Diesel,Hatchback,352,147,2693,19901
Honda,Diesel,Hatchback,137,106,2481,15638
Honda,Gasoline,Hatchback,113,160,2455,43596
Ford,Gasoline,SUV,308,122,2826,26378
BMW,Gasoline,SUV,188,164,2296,49324
BMW,Diesel,SUV,155,69,3135,27820
Honda,Gasoline,SUV,193,281,3985,30060
Honda,Diesel,Sedan,192,74,3253,37642
BMW,Gasoline,SUV,184,68,3119,30378
Ford,Gasoline,Hatchback,344,54,2949,13150
Honda,Gasoline,SUV,121,124,2679,47875
Toyota,Diesel,Sedan,390,256,2377,29059
Ford,Diesel,Hatchback,371,177,3179,39525
Honda,Gasoline,SUV,221,121,2420,23193
Honda,Gasoline,SUV,227,260,2104,48967
Toyota,Gasoline,SUV,212,264,3728,32801
Toyota,Diesel,Hatchback,372,204,2329,31246
BMW,Gasoline,Hatchback,229,89,2438,17807
Ford,Diesel,Sedan,231,273,3155,22535
Ford,Gasoline,Hatchback,184,75,3890,10492
BMW,Gasoline,Hatchback,180,76,2381,36357
Ford,Gasoline,SUV,168,239,2137,11302
Ford,Gasoline,Hatchback,247,132,2942,37314
Ford,Gasoline,SUV,115,177,2842,9747
Ford,Gasoline,SUV,204,227,2269,46170
Ford,Diesel,Hatchback,264,219,3573,15686
Toyota,Gasoline,Sedan,300,206,2395,42449
Ford,Diesel,Sedan,296,216,3580,23891
Toyota,Gasoline,Hatchback,284,237,2912,41196
Ford,Gasoline,Sedan,364,218,2463,34928
BMW,Diesel,SUV,199,82,3698,12494
Honda,Gasoline,SUV,313,260,2449,41723
Toyota,Diesel,Hatchback,377,278,3354,34877
Ford,Diesel,Sedan,261,260,3276,32981
BMW,Gasoline,Sedan,256,146,3704,19026
Honda,Diesel,SUV,350,160,3986,25422
Toyota,Diesel,Hatchback,196,65,3308,14244
Honda,Gasoline,Sedan,117,72,3297,38481
BMW,Diesel,Hatchback,196,184,2019,28644
Toyota,Gasoline,Sedan,100,75,2238,48848
Honda,Gasoline,SUV,315,145,3293,13521
Ford,Gasoline,SUV,231,61,2417,6746
Toyota,Gasoline,Hatchback,359,121,3968,22591
Honda,Diesel,SUV,224,182,3333,31718
BMW,Gasoline,Sedan,181,155,3054,7696
BMW,Gasoline,SUV,382,269,3849,17012
Toyota,Diesel,Hatchback,270,166,3127,19688
Honda,Gasoline,Hatchback,158,246,3705,28457
Toyota,Gasoline,Hatchback,131,226,2185,10036
Toyota,Diesel,Sedan,260,75,3151,44895
Honda,Diesel,Sedan,383,182,3233,34960
Honda,Diesel,Sedan,205,71,3437,41486
Ford,Diesel,Sedan,204,256,3304,27159
Honda,Diesel,Sedan,327,62,3982,12910
BMW,Diesel,SUV,287,205,2252,7693
Toyota,Diesel,Sedan,169,210,2018,20858
Toyota,Gasoline,Sedan,389,156,2711,33810
BMW,Diesel,SUV,186,72,3755,25092
Honda,Diesel,Sedan,155,146,3159,28243
BMW,Diesel,Hatchback,212,284,2222,35505
BMW,Gasoline,Sedan,112,67,2002,12692
Ford,Gasoline,Sedan,117,291,3986,33555
BMW,Diesel,Hatchback,281,166,3259,11398
Toyota,Diesel,Hatchback,212,79,2853,12252
BMW,Diesel,Hatchback,328,75,3488,16721
Toyota,Gasoline,Hatchback,270,193,2227,22939
Toyota,Gasoline,Sedan,394,254,2912,16825
Toyota,Diesel,Hatchback,288,88,3677,30251
Honda,Gasoline,Hatchback,178,210,2498,41955
Ford,Diesel,SUV,245,203,2520,29151
Toyota,Gasoline,Hatchback,281,225,2701,5036
Toyota,Gasoline,Hatchback,385,242,3885,33412
Honda,Diesel,SUV,349,290,2916,23171
Toyota,Diesel,SUV,295,215,3995,44051
BMW,Diesel,Sedan,170,179,3700,37761
BMW,Diesel,SUV,347,162,3162,20202
Ford,Gasoline,Sedan,245,183,3299,13060
Toyota,Gasoline,SUV,205,95,2290,13065
Honda,Gasoline,SUV,362,99,3076,34873
BMW,Diesel,Sedan,395,215,3710,41648
Honda,Gasoline,SUV,169,155,3133,10932
Honda,Diesel,Sedan,292,265,2714,31470
BMW,Gasoline,SUV,167,195,2947,13328
Honda,Diesel,Hatchback,151,204,2647,11333
BMW,Diesel,SUV,384,218,3027,16268
Honda,Gasoline,Sedan,108,121,3690,10067
BMW,Diesel,SUV,350,269,2683,49843
Toyota,Diesel,Sedan,397,123,3959,22045
Ford,Gasoline,Sedan,283,66,2869,45741
BMW,Diesel,Hatchback,278,296,3070,27770
BMW,Diesel,Hatchback,297,239,2093,47770
Ford,Diesel,Sedan,227,206,2939,12887
BMW,Gasoline,SUV,119,235,2559,38182
BMW,Gasoline,Sedan,164,119,3775,37370
Honda,Diesel,Sedan,281,255,3882,44618
Ford,Gasoline,SUV,340,199,2212,29918
Toyota,Diesel,SUV,123,295,2435,40497
BMW,Diesel,SUV,182,55,2851,33026
Ford,Diesel,SUV,284,75,2507,16929
Honda,Diesel,Sedan,198,216,2835,41665
Toyota,Diesel,Sedan,161,189,2650,39937
Ford,Gasoline,Hatchback,385,148,2204,18563
Toyota,Diesel,Sedan,121,191,2380,33546
Toyota,Gasoline,SUV,311,71,3096,17888
Toyota,Gasoline,Hatchback,225,100,3539,42338
BMW,Diesel,SUV,141,200,3099,39283
BMW,Diesel,Sedan,197,225,3864,21958
Honda,Gasoline,Hatchback,130,248,2076,17634
Honda,Gasoline,SUV,257,153,2815,24251
Ford,Gasoline,Hatchback,211,227,2767,24928
Honda,Diesel,Hatchback,346,138,2409,42245
Toyota,Gasoline,Sedan,221,190,3637,21455
Toyota,Diesel,SUV,372,262,2105,32144
BMW,Diesel,Hatchback,393,282,3868,33013
Toyota,Diesel,Hatchback,306,187,2550,26876
Ford,Gasoline,SUV,209,294,3499,31962
Toyota,Diesel,Hatchback,377,232,2825,33084
Toyota,Diesel,Hatchback,155,58,3298,47319
Ford,Diesel,Hatchback,156,128,2087,26143
Honda,Diesel,SUV,390,101,3746,31091
Honda,Diesel,SUV,213,179,2880,19179
Ford,Gasoline,SUV,297,202,3100,37807
BMW,Diesel,SUV,278,62,3100,15222
Toyota,Diesel,Sedan,318,275,3465,28949
Ford,Gasoline,Hatchback,376,100,2539,21116
Toyota,Diesel,SUV,115,235,2244,42564
BMW,Gasoline,Hatchback,160,83,2577,42374
Toyota,Diesel,Hatchback,153,84,3801,22667
Ford,Gasoline,Sedan,267,279,3405,13775
Toyota,Gasoline,SUV,125,180,2981,34655
Honda,Diesel,SUV,164,283,2716,19193
BMW,Diesel,Hatchback,199,169,3593,19676
BMW,Diesel,SUV,173,236,3736,35776
BMW,Gasoline,Hatchback,291,119,3760,48225
Ford,Gasoline,Hatchback,270,296,2141,22199
BMW,Gasoline,Sedan,372,225,2892,20066
Honda,Diesel,Sedan,286,241,3391,23895
Ford,Gasoline,Sedan,122,290,3107,5246
Honda,Gasoline,Hatchback,280,196,3166,26209
Toyota,Diesel,SUV,207,116,2351,44284
Toyota,Gasoline,Sedan,261,259,2544,21800
Toyota,Gasoline,SUV,305,152,2912,28086
Toyota,Diesel,Sedan,177,122,2151,25101
Honda,Gasoline,Sedan,115,165,3181,21491
Ford,Diesel,Hatchback,195,253,3469,32207
Ford,Diesel,Sedan,246,182,2652,46798
BMW,Diesel,Sedan,101,116,2957,25897
Honda,Diesel,Hatchback,109,188,2762,34492
Toyota,Diesel,SUV,224,170,3326,6421
Honda,Gasoline,Sedan,180,143,2623,37015
BMW,Gasoline,Hatchback,239,245,2655,17970
BMW,Diesel,Sedan,249,246,2449,12283
Honda,Diesel,Hatchback,387,178,2720,33488
Honda,Gasoline,SUV,228,140,3247,20945
Honda,Diesel,SUV,338,141,2042,5255
Ford,Diesel,Hatchback,157,112,2263,16019
Toyota,Diesel,Hatchback,297,78,3779,20487
Honda,Gasoline,Hatchback,310,259,3026,46797
Honda,Gasoline,SUV,144,61,3660,24346
Honda,Diesel,Sedan,196,126,3291,40050
BMW,Diesel,SUV,378,90,2595,13744
BMW,Gasoline,Hatchback,122,179,3039,29756
Ford,Gasoline,Hatchback,143,86,3357,22861
Toyota,Diesel,SUV,126,222,3487,30146
Ford,Diesel,Hatchback,381,257,3082,47687
Toyota,Gasoline,SUV,196,225,3012,26976
BMW,Gasoline,Hatchback,135,73,2176,5591
BMW,Gasoline,Sedan,208,148,2062,11277
BMW,Diesel,Sedan,154,199,2957,7260
Ford,Gasoline,Hatchback,291,149,3002,48907
Honda,Diesel,SUV,318,188,2560,5347
Honda,Gasoline,Sedan,284,296,3330,29741
BMW,Gasoline,SUV,168,107,3269,42211
Honda,Gasoline,Hatchback,229,223,3312,48856
Honda,Gasoline,SUV,154,78,3821,46542
Ford,Diesel,Sedan,196,212,2954,11869
Toyota,Diesel,SUV,186,289,3355,33082
BMW,Gasoline,SUV,393,295,3550,27080
BMW,Diesel,Hatchback,218,192,2849,33979
Ford,Gasoline,Hatchback,307,109,3278,24422
Ford,Gasoline,Hatchback,253,144,2603,40613
Honda,Gasoline,Sedan,134,91,3533,27993
BMW,Gasoline,Sedan,178,282,3814,17386
Toyota,Diesel,Hatchback,166,92,3741,39033
Ford,Gasoline,Hatchback,133,257,2605,17938
Toyota,Gasoline,Sedan,196,123,3760,16159
Toyota,Diesel,Sedan,268,226,3836,7274
BMW,Gasoline,Sedan,268,241,2829,23854
BMW,Gasoline,Sedan,250,209,3486,36815
Ford,Gasoline,Hatchback,170,113,3222,15482
BMW,Diesel,Sedan,102,292,3294,23961
BMW,Gasoline,Hatchback,131,51,2745,25044
BMW,Diesel,SUV,386,201,2557,38836
Toyota,Gasoline,SUV,181,264,2063,26975
Ford,Gasoline,Sedan,142,115,3253,19706
Honda,Diesel,SUV,204,215,2941,10974
Toyota,Gasoline,SUV,100,80,3975,15928
BMW,Gasoline,SUV,160,164,2248,26213
Toyota,Diesel,Sedan,369,281,3269,6950
BMW,Diesel,Sedan,279,75,2939,24477
BMW,Diesel,SUV,323,78,3610,15411
Toyota,Diesel,Hatchback,105,244,2156,26695
Ford,Diesel,SUV,202,299,2734,22771
BMW,Gasoline,Sedan,109,127,3725,9274
Ford,Diesel,Sedan,170,74,2984,40053
Honda,Gasoline,Sedan,189,97,3587,12045
BMW,Gasoline,SUV,325,114,3973,34714
Ford,Gasoline,Hatchback,257,230,3111,39386
Ford,Diesel,Sedan,327,116,3336,48747
Honda,Diesel,Sedan,225,295,3874,13562
Ford,Gasoline,SUV,308,139,3089,32759
Ford,Diesel,Hatchback,196,195,2661,17026
Honda,Diesel,SUV,173,186,3043,45611
BMW,Diesel,Sedan,214,87,2032,36589
Ford,Diesel,Hatchback,290,136,3863,47663
Ford,Gasoline,Hatchback,269,198,3816,36738
Ford,Gasoline,Sedan,303,298,2557,31844
Toyota,Diesel,Hatchback,155,114,2072,28447
Honda,Gasoline,Hatchback,307,198,3889,29879
Toyota,Diesel,SUV,140,76,2824,16966
Honda,Diesel,Sedan,131,155,3366,22732
BMW,Gasoline,Sedan,114,172,3156,10289
BMW,Gasoline,Sedan,161,247,3078,25012
Ford,Gasoline,Sedan,254,296,2060,23812
Honda,Diesel,Sedan,383,93,3880,40801
BMW,Gasoline,Hatchback,308,149,3543,46628
Honda,Diesel,SUV,286,77,2271,45581
BMW,Gasoline,Sedan,229,222,2245,28092
Toyota,Gasoline,SUV,226,66,3199,30105
BMW,Diesel,SUV,391,176,2627,19294
Toyota,Diesel,Hatchback,213,172,3340,8621
BMW,Diesel,Sedan,298,217,3806,37442
Ford,Diesel,Hatchback,112,299,2704,26699
Toyota,Diesel,Sedan,370,293,2661,7347
BMW,Diesel,Hatchback,188,180,3154,34486
Ford,Diesel,SUV,314,125,3125,22110
Toyota,Diesel,Sedan,377,280,2309,9923
Ford,Gasoline,SUV,302,253,3805,20611
Honda,Diesel,SUV,173,243,3315,24199
Honda,Diesel,Hatchback,124,297,3745,14066
Toyota,Gasoline,Sedan,200,95,2494,41047
BMW,Diesel,SUV,275,263,3384,31754
Toyota,Gasoline,Hatchback,216,264,2337,41575
Ford,Gasoline,Sedan,265,207,2578,29260
BMW,Diesel,Sedan,140,118,2009,21991
Honda,Gasoline,SUV,219,186,2048,27553
BMW,Diesel,Sedan,196,134,3510,29174
Honda,Gasoline,SUV,244,60,2622,26957
BMW,Gasoline,Sedan,315,118,3344,5634
BMW,Gasoline,Hatchback,328,148,2730,34881
BMW,Diesel,SUV,229,140,3592,17771
Ford,Diesel,SUV,236,290,2794,23298
Ford,Gasoline,Sedan,372,243,2970,19340
Toyota,Gasoline,Sedan,216,265,3648,38356
Toyota,Diesel,SUV,193,208,2132,40999
Honda,Diesel,Sedan,267,210,3606,11351
Ford,Gasoline,Hatchback,302,216,2082,8838
Honda,Gasoline,Sedan,248,143,2056,6973
Toyota,Diesel,Hatchback,282,223,2375,42812
Honda,Diesel,Hatchback,251,214,2348,15247
Toyota,Diesel,Hatchback,173,164,2270,49440
Ford,Diesel,Hatchback,373,269,3506,36655
BMW,Diesel,Hatchback,141,237,2110,48039
Ford,Gasoline,Sedan,311,80,2868,11683
Honda,Diesel,Hatchback,200,60,2886,16244
Honda,Gasoline,Sedan,144,136,2075,34058
Ford,Diesel,Hatchback,181,170,3181,44551
Ford,Gasoline,SUV,116,179,3555,43362
Toyota,Diesel,Hatchback,172,281,3956,33371
Honda,Diesel,SUV,113,154,3666,8822
Honda,Gasoline,Hatchback,256,76,2328,33878
Ford,Gasoline,Hatchback,322,276,2121,41157
BMW,Diesel,Hatchback,231,51,2040,10914
Honda,Diesel,SUV,146,152,3190,23164
BMW,Diesel,SUV,206,150,2921,32180
Ford,Diesel,Hatchback,207,70,2641,8688
Ford,Diesel,Sedan,364,107,3046,19683
Toyota,Gasoline,Hatchback,304,182,2278,18080
Honda,Gasoline,SUV,178,229,2762,35953
BMW,Diesel,Hatchback,254,222,2468,14916
Toyota,Gasoline,SUV,370,134,3423,34677
Honda,Gasoline,SUV,346,142,2008,32360
Toyota,Gasoline,SUV,118,69,2012,42805
Ford,Diesel,Hatchback,125,110,2923,18453
Honda,Gasoline,SUV,316,87,2922,27703
Toyota,Diesel,SUV,253,197,3842,13640
Toyota,Gasoline,Hatchback,253,291,3855,34263
BMW,Diesel,SUV,273,74,3075,37849
Toyota,Gasoline,Hatchback,191,179,3232,44046
Honda,Diesel,SUV,280,170,3573,21078
Honda,Diesel,Sedan,230,209,3635,28383
BMW,Gasoline,Sedan,397,75,3728,20536
Honda,Diesel,SUV,374,247,3425,12410
Ford,Diesel,Sedan,372,218,3214,20926
Honda,Diesel,Hatchback,175,298,3074,39248
Honda,Diesel,Sedan,276,116,3416,36159
Toyota,Diesel,SUV,283,274,2652,47039
Toyota,Diesel,SUV,230,50,3703,41366
Honda,Diesel,Hatchback,148,100,3846,45761
BMW,Diesel,SUV,154,54,2620,34090
Toyota,Gasoline,Hatchback,253,62,3742,25567
BMW,Gasoline,Sedan,299,196,3962,48663
Honda,Diesel,Sedan,217,189,3323,20367
Honda,Diesel,Hatchback,362,97,3645,45412
Ford,Gasoline,Hatchback,145,202,2195,49716
Toyota,Gasoline,SUV,288,106,2416,40367
Honda,Gasoline,Sedan,228,164,2663,10813
Ford,Diesel,Hatchback,148,84,3443,41621
Toyota,Gasoline,Sedan,124,125,3778,39269
Honda,Diesel,Hatchback,365,143,3663,46190
Honda,Diesel,Sedan,217,54,3640,45318
Toyota,Gasoline,SUV,243,275,3545,42018
Toyota,Diesel,Sedan,299,71,3379,44759
Toyota,Diesel,Sedan,256,152,2147,21498
Honda,Diesel,Sedan,233,254,3000,30989
Honda,Diesel,Sedan,247,234,3388,42174
Ford,Gasoline,Sedan,170,224,2363,30568
BMW,Gasoline,SUV,332,231,3994,6041
Toyota,Diesel,Hatchback,398,180,3675,44695
Honda,Diesel,Sedan,253,173,3725,35099
Honda,Gasoline,SUV,189,102,2401,29364
Toyota,Diesel,Sedan,298,261,2605,45639
BMW,Gasoline,Sedan,260,208,3515,44143
Toyota,Diesel,Hatchback,125,118,2228,28482
BMW,Diesel,Sedan,220,265,3598,8676
Honda,Gasoline,SUV,311,153,3875,26781
BMW,Gasoline,SUV,162,295,2536,35048
Ford,Gasoline,Hatchback,167,210,2267,8065
Honda,Gasoline,Sedan,352,249,3428,7036
Ford,Diesel,SUV,101,265,3816,40814
Toyota,Gasoline,Sedan,207,227,3034,21924
Toyota,Diesel,Sedan,385,261,3343,37844
Toyota,Gasoline,Sedan,148,65,3736,21407
BMW,Gasoline,Hatchback,239,291,2125,26518
Honda,Diesel,Sedan,317,165,2305,22059
Toyota,Gasoline,SUV,143,125,3725,28052
Toyota,Gasoline,Sedan,368,254,3534,9267
Honda,Gasoline,SUV,177,158,3112,10988
Toyota,Gasoline,Sedan,315,283,3378,32974
Ford,Diesel,SUV,197,88,2627,29036
Honda,Diesel,SUV,335,138,3375,13680
Honda,Gasoline,Sedan,381,223,2688,6485
Honda,Gasoline,Sedan,248,273,3037,19713
Ford,Gasoline,SUV,165,265,3280,25043
Honda,Diesel,Hatchback,333,161,3232,7419
Ford,Diesel,Sedan,186,96,2280,41263
Honda,Diesel,Hatchback,178,221,2442,22140
BMW,Diesel,Sedan,304,186,3863,48484
Toyota,Gasoline,Sedan,378,281,2836,17961
BMW,Gasoline,Sedan,353,291,2388,48075
Toyota,Gasoline,Sedan,229,264,2616,11487
Ford,Diesel,Hatchback,183,177,3506,36110
BMW,Gasoline,Sedan,375,227,2146,47432
Honda,Diesel,SUV,286,126,3302,21360
Toyota,Diesel,SUV,145,237,2520,41843
Toyota,Gasoline,Hatchback,282,273,2629,29882
BMW,Gasoline,Sedan,367,291,3629,22502
Ford,Gasoline,SUV,395,64,2433,12631
BMW,Diesel,Hatchback,199,85,2143,8017
Ford,Diesel,Sedan,177,290,2288,25725
Ford,Gasoline,SUV,371,112,3409,29762
Toyota,Gasoline,SUV,261,118,2013,5784
BMW,Diesel,Hatchback,143,263,2256,33020
BMW,Gasoline,Sedan,337,257,3369,43459
Ford,Diesel,Sedan,233,218,3721,20765
BMW,Diesel,SUV,291,123,3368,36127
Honda,Gasoline,SUV,377,73,3423,8196
Honda,Gasoline,SUV,117,259,3230,14552
BMW,Gasoline,Sedan,111,98,2857,46300
BMW,Gasoline,Hatchback,279,195,2942,36921
Ford,Diesel,Hatchback,222,56,3195,9746
Honda,Diesel,Sedan,345,53,2463,7999
Honda,Diesel,Hatchback,321,139,2269,49070
Toyota,Gasoline,SUV,150,246,3244,20595
Ford,Diesel,Hatchback,170,109,3175,27063
Toyota,Gasoline,Hatchback,147,104,2622,11200
Honda,Gasoline,Hatchback,118,65,3206,43164
Ford,Gasoline,SUV,361,276,3422,28377
BMW,Gasoline,Sedan,183,267,3874,18410
Ford,Gasoline,SUV,254,259,2071,8598
BMW,Gasoline,Sedan,152,78,3441,15564
BMW,Diesel,Sedan,206,200,3921,35898
Ford,Gasoline,Sedan,234,294,3306,25598
BMW,Diesel,Hatchback,168,63,2073,45404
Toyota,Diesel,Hatchback,110,128,2354,22862
Honda,Gasoline,Sedan,242,226,3750,15265
BMW,Gasoline,Sedan,291,82,2496,14705
Toyota,Gasoline,Hatchback,168,202,3351,30544
BMW,Diesel,SUV,122,70,2987,19298
Honda,Gasoline,Sedan,280,194,3558,37670
Toyota,Diesel,SUV,392,72,2579,47471
Honda,Gasoline,Hatchback,108,106,2909,45934
Honda,Gasoline,Sedan,370,284,3470,11050
Toyota,Diesel,SUV,192,258,2372,48952
Toyota,Diesel,SUV,116,235,2361,26034
Toyota,Gasoline,SUV,253,191,2092,13484
Ford,Diesel,Hatchback,248,142,3344,36323
Toyota,Diesel,Hatchback,366,69,2323,25796
Toyota,Diesel,SUV,205,207,2383,34069
Toyota,Diesel,SUV,134,68,2574,26827
Toyota,Diesel,Hatchback,218,230,2735,40361
BMW,Gasoline,SUV,113,152,2736,15315
Ford,Gasoline,SUV,113,233,3904,31519
Honda,Diesel,Hatchback,365,126,2345,14107
Toyota,Gasoline,SUV,239,259,3872,8869
BMW,Gasoline,SUV,393,200,3126,20447
BMW,Diesel,SUV,218,239,3238,32370
BMW,Gasoline,Hatchback,337,287,3215,12971
Honda,Diesel,SUV,133,82,3695,36269
Toyota,Diesel,Hatchback,268,280,3907,30651
Ford,Gasoline,Hatchback,109,281,2718,40757
Ford,Diesel,Sedan,221,67,2780,28446
BMW,Diesel,Sedan,244,122,3019,43108
Honda,Diesel,SUV,322,210,3217,14643
Honda,Diesel,Hatchback,356,209,3403,8823
Honda,Diesel,Sedan,367,238,3426,18454
Ford,Gasoline,SUV,103,231,2663,8932
BMW,Gasoline,Sedan,205,66,3772,15220
Toyota,Diesel,Sedan,184,68,2599,13554
Ford,Diesel,Hatchback,313,268,2010,7429
BMW,Gasoline,Hatchback,220,119,2186,33208
BMW,Diesel,Sedan,231,276,2725,12444
Toyota,Gasoline,Sedan,296,169,3038,15510
Toyota,Diesel,Hatchback,118,150,2777,49045
Toyota,Diesel,SUV,229,83,3320,15537
Honda,Diesel,Hatchback,111,133,2410,12147
Toyota,Diesel,Sedan,180,202,2955,45399
BMW,Diesel,SUV,361,245,2584,8598
Toyota,Diesel,Sedan,224,123,3075,42097
